Title,Slug,Image,Video,alt,Order,Project,Type
"adidas Originals Country OG Well-Aged Pack 01",adidas-originals-country-og-well-aged-pack-01,https://raw.githubusercontent.com/danilosierrac/greta-media/main/media/adidas-originals-country-og-well-aged-pack/01.jpg,,"Adidas Article Media Image 4x5 Desktop&Mobile 01",1,adidas-originals-country-og-well-aged-pack,Image
"adidas Originals Country OG Well-Aged Pack 02",adidas-originals-country-og-well-aged-pack-02,https://raw.githubusercontent.com/danilosierrac/greta-media/main/media/adidas-originals-country-og-well-aged-pack/02.jpg,,"Adidas Article Media Image 4x5 Desktop&Mobile 03",2,adidas-originals-country-og-well-aged-pack,Image
"adidas Originals Country OG Well-Aged Pack 03",adidas-originals-country-og-well-aged-pack-03,https://raw.githubusercontent.com/danilosierrac/greta-media/main/media/adidas-originals-country-og-well-aged-pack/03.jpg,,"Adidas Article Media Image 4x5 Desktop&Mobile 04",3,adidas-originals-country-og-well-aged-pack,Image
"adidas Originals Country OG Well-Aged Pack 04",adidas-originals-country-og-well-aged-pack-04,https://raw.githubusercontent.com/danilosierrac/greta-media/main/media/adidas-originals-country-og-well-aged-pack/04.jpg,,"Adidas Article Media Image 4x5 Desktop&Mobile 05",4,adidas-originals-country-og-well-aged-pack,Image
"adidas Originals Country OG Well-Aged Pack 05",adidas-originals-country-og-well-aged-pack-05,https://raw.githubusercontent.com/danilosierrac/greta-media/main/media/adidas-originals-country-og-well-aged-pack/05.jpg,,"Adidas Article Media Image 5x4 Desktop 02",5,adidas-originals-country-og-well-aged-pack,Image
"adidas Originals Country OG Well-Aged Pack 06",adidas-originals-country-og-well-aged-pack-06,https://raw.githubusercontent.com/danilosierrac/greta-media/main/media/adidas-originals-country-og-well-aged-pack/06.jpg,,"Adidas Entry Point 3x2 01",6,adidas-originals-country-og-well-aged-pack,Image
"Nike ACG 2 01",nike-acg-2-01,https://raw.githubusercontent.com/danilosierrac/greta-media/main/media/nike-acg-2/01-poster.jpg,https://raw.githubusercontent.com/danilosierrac/greta-media/main/media/nike-acg-2/01.mp4,"DROP NIKE-ACG LANDING-PAGE 1920X1280 500MB",1,nike-acg-2,Video
"Nike ACG 2 02",nike-acg-2-02,https://raw.githubusercontent.com/danilosierrac/greta-media/main/media/nike-acg-2/02-poster.jpg,https://raw.githubusercontent.com/danilosierrac/greta-media/main/media/nike-acg-2/02.mp4,"DROP NIKE-ACG SHORTS 9X16 100MB",2,nike-acg-2,Video
"Nike ACG 2 03",nike-acg-2-03,https://raw.githubusercontent.com/danilosierrac/greta-media/main/media/nike-acg-2/03.jpg,,"Nike ACG 2 Entry point 2x3 V1",3,nike-acg-2,Image
"Nike ACG 2 04",nike-acg-2-04,https://raw.githubusercontent.com/danilosierrac/greta-media/main/media/nike-acg-2/04.jpg,,"Nike ACG 2 Header Image Mobile",4,nike-acg-2,Image
"Nike ACG 2 05",nike-acg-2-05,https://raw.githubusercontent.com/danilosierrac/greta-media/main/media/nike-acg-2/05.jpg,,"Nike ACG 2 Media Image 2x3 Desktop&Mobile 1",5,nike-acg-2,Image
"Nike ACG 2 06",nike-acg-2-06,https://raw.githubusercontent.com/danilosierrac/greta-media/main/media/nike-acg-2/06.jpg,,"Nike ACG 2 Media Image 2x3 Desktop&Mobile 2",6,nike-acg-2,Image
"Nike ACG 2 07",nike-acg-2-07,https://raw.githubusercontent.com/danilosierrac/greta-media/main/media/nike-acg-2/07.jpg,,"Nike ACG 2 Media Image 2x3 Desktop&Mobile 3-1",7,nike-acg-2,Image
"Nike ACG 2 08",nike-acg-2-08,https://raw.githubusercontent.com/danilosierrac/greta-media/main/media/nike-acg-2/08.jpg,,"Nike ACG 2 Media Image 2x3 Desktop&Mobile 3",8,nike-acg-2,Image
"Nike ACG 2 09",nike-acg-2-09,https://raw.githubusercontent.com/danilosierrac/greta-media/main/media/nike-acg-2/09.jpg,,"Nike ACG 2 Media Image 2x3 Desktop&Mobile 4",9,nike-acg-2,Image
"Nike ACG 2 10",nike-acg-2-10,https://raw.githubusercontent.com/danilosierrac/greta-media/main/media/nike-acg-2/10.jpg,,"Nike ACG 2 Media Image 2x3 Desktop&Mobile 5",10,nike-acg-2,Image
"Nike ACG 2 11",nike-acg-2-11,https://raw.githubusercontent.com/danilosierrac/greta-media/main/media/nike-acg-2/11.jpg,,"Nike ACG 2 Media Image 2x3 Desktop&Mobile 6",11,nike-acg-2,Image
"Nike ACG 2 12",nike-acg-2-12,https://raw.githubusercontent.com/danilosierrac/greta-media/main/media/nike-acg-2/12.jpg,,"Nike ACG 2 Media Image 2x3 Desktop&Mobile 7",12,nike-acg-2,Image
"Nike ACG 2 13",nike-acg-2-13,https://raw.githubusercontent.com/danilosierrac/greta-media/main/media/nike-acg-2/13.jpg,,"Nike ACG 2 Media Image 2x3 Mobile 1",13,nike-acg-2,Image
"Nike ACG 2 14",nike-acg-2-14,https://raw.githubusercontent.com/danilosierrac/greta-media/main/media/nike-acg-2/14.jpg,,"Nike ACG 2 Media Image 2x3 Mobile 2",14,nike-acg-2,Image
"Nike ACG 2 15",nike-acg-2-15,https://raw.githubusercontent.com/danilosierrac/greta-media/main/media/nike-acg-2/15.jpg,,"Nike ACG 2 Media Image 3x2 Desktop 1",15,nike-acg-2,Image
"Streetwear & Tailoring 01",streetwear-and-tailoring-01,https://raw.githubusercontent.com/danilosierrac/greta-media/main/media/streetwear-and-tailoring/01.jpg,,"Streetwear & Tailoring Article Header Image Mobile",1,streetwear-and-tailoring,Image
"Streetwear & Tailoring 02",streetwear-and-tailoring-02,https://raw.githubusercontent.com/danilosierrac/greta-media/main/media/streetwear-and-tailoring/02.jpg,,"Streetwear & Tailoring Article Media Image 2x3 Desktop&Mobile 02",2,streetwear-and-tailoring,Image
"Streetwear & Tailoring 03",streetwear-and-tailoring-03,https://raw.githubusercontent.com/danilosierrac/greta-media/main/media/streetwear-and-tailoring/03.jpg,,"Streetwear & Tailoring Article Media Image 2x3 Desktop&Mobile 06",3,streetwear-and-tailoring,Image
"Streetwear & Tailoring 04",streetwear-and-tailoring-04,https://raw.githubusercontent.com/danilosierrac/greta-media/main/media/streetwear-and-tailoring/04.jpg,,"Streetwear & Tailoring Article Media Image 2x3 Desktop&Mobile 07",4,streetwear-and-tailoring,Image
"Streetwear & Tailoring 05",streetwear-and-tailoring-05,https://raw.githubusercontent.com/danilosierrac/greta-media/main/media/streetwear-and-tailoring/05.jpg,,"Streetwear & Tailoring Article Media Image 2x3 Mobile 03",5,streetwear-and-tailoring,Image
"Streetwear & Tailoring 06",streetwear-and-tailoring-06,https://raw.githubusercontent.com/danilosierrac/greta-media/main/media/streetwear-and-tailoring/06-poster.jpg,https://raw.githubusercontent.com/danilosierrac/greta-media/main/media/streetwear-and-tailoring/06.mp4,"Streetwear & Tailoring Article Video 2x3 Desktop&Mobile 01",6,streetwear-and-tailoring,Video
"Streetwear & Tailoring 07",streetwear-and-tailoring-07,https://raw.githubusercontent.com/danilosierrac/greta-media/main/media/streetwear-and-tailoring/07-poster.jpg,https://raw.githubusercontent.com/danilosierrac/greta-media/main/media/streetwear-and-tailoring/07.mp4,"Streetwear & Tailoring Article Video 2x3 Desktop&Mobile 04",7,streetwear-and-tailoring,Video
"Streetwear & Tailoring 08",streetwear-and-tailoring-08,https://raw.githubusercontent.com/danilosierrac/greta-media/main/media/streetwear-and-tailoring/08.jpg,,"Streetwear & Tailoring Article Video 2x3 Desktop&Mobile 04 Thumbnail",8,streetwear-and-tailoring,Image
"Streetwear & Tailoring 09",streetwear-and-tailoring-09,https://raw.githubusercontent.com/danilosierrac/greta-media/main/media/streetwear-and-tailoring/09.jpg,,"Streetwear & Tailoring Entry Point 1x1 2",9,streetwear-and-tailoring,Image
"New Balance London Marathon 01",new-balance-london-marathon-01,https://raw.githubusercontent.com/danilosierrac/greta-media/main/media/new-balance-london-marathon/01.jpg,,"New Balance London Marathon Article Media Image 2x3 Desktop&Mobile 01",1,new-balance-london-marathon,Image
"New Balance London Marathon 02",new-balance-london-marathon-02,https://raw.githubusercontent.com/danilosierrac/greta-media/main/media/new-balance-london-marathon/02.jpg,,"New Balance London Marathon Article Media Image 2x3 Desktop&Mobile 02",2,new-balance-london-marathon,Image
"New Balance London Marathon 03",new-balance-london-marathon-03,https://raw.githubusercontent.com/danilosierrac/greta-media/main/media/new-balance-london-marathon/03.jpg,,"New Balance London Marathon Article Media Image 2x3 Desktop&Mobile 03",3,new-balance-london-marathon,Image
"New Balance London Marathon 04",new-balance-london-marathon-04,https://raw.githubusercontent.com/danilosierrac/greta-media/main/media/new-balance-london-marathon/04.jpg,,"New Balance London Marathon Article Media Image 2x3 Desktop&Mobile 04",4,new-balance-london-marathon,Image
"New Balance London Marathon 05",new-balance-london-marathon-05,https://raw.githubusercontent.com/danilosierrac/greta-media/main/media/new-balance-london-marathon/05.jpg,,"New Balance London Marathon Article Media Image 2x3 Desktop&Mobile 05",5,new-balance-london-marathon,Image
"New Balance London Marathon 06",new-balance-london-marathon-06,https://raw.githubusercontent.com/danilosierrac/greta-media/main/media/new-balance-london-marathon/06.jpg,,"New Balance London Marathon Article Media Image 2x3 Desktop&Mobile 06",6,new-balance-london-marathon,Image
"New Balance London Marathon 07",new-balance-london-marathon-07,https://raw.githubusercontent.com/danilosierrac/greta-media/main/media/new-balance-london-marathon/07.jpg,,"New Balance London Marathon Article Media Image 2x3 Desktop&Mobile 07",7,new-balance-london-marathon,Image
"New Balance London Marathon 08",new-balance-london-marathon-08,https://raw.githubusercontent.com/danilosierrac/greta-media/main/media/new-balance-london-marathon/08.jpg,,"New Balance London Marathon Article Media Image 2x3 Desktop&Mobile 08",8,new-balance-london-marathon,Image
"New Balance London Marathon 09",new-balance-london-marathon-09,https://raw.githubusercontent.com/danilosierrac/greta-media/main/media/new-balance-london-marathon/09.jpg,,"New Balance London Marathon Article Media Video 2x3 Mobile",9,new-balance-london-marathon,Image
"New Balance London Marathon 10",new-balance-london-marathon-10,https://raw.githubusercontent.com/danilosierrac/greta-media/main/media/new-balance-london-marathon/10.jpg,,"New Balance London Marathon Article Media Video 3x2 Desktop",10,new-balance-london-marathon,Image
"New Balance London Marathon 11",new-balance-london-marathon-11,https://raw.githubusercontent.com/danilosierrac/greta-media/main/media/new-balance-london-marathon/11.jpg,,"New Balance London Marathon Article Product Highlight-Image",11,new-balance-london-marathon,Image
"New Balance London Marathon 12",new-balance-london-marathon-12,https://raw.githubusercontent.com/danilosierrac/greta-media/main/media/new-balance-london-marathon/12.jpg,,"New Balance London Marathon Entry Point 2x3",12,new-balance-london-marathon,Image
"New Balance London Marathon 13",new-balance-london-marathon-13,https://raw.githubusercontent.com/danilosierrac/greta-media/main/media/new-balance-london-marathon/13.jpg,,"New Balance London Marathon Short Article Entry Point 05",13,new-balance-london-marathon,Image
"New Balance London Marathon 14",new-balance-london-marathon-14,https://raw.githubusercontent.com/danilosierrac/greta-media/main/media/new-balance-london-marathon/14.jpg,,"New Balance London Marathon Short Cover slide 01",14,new-balance-london-marathon,Image
"New Balance London Marathon 15",new-balance-london-marathon-15,https://raw.githubusercontent.com/danilosierrac/greta-media/main/media/new-balance-london-marathon/15.jpg,,"New Balance London Marathon Short Media + Copy 03",15,new-balance-london-marathon,Image
"New Balance London Marathon 16",new-balance-london-marathon-16,https://raw.githubusercontent.com/danilosierrac/greta-media/main/media/new-balance-london-marathon/16.jpg,,"New Balance London Marathon Short Media Video 02",16,new-balance-london-marathon,Image
"New Balance London Marathon 17",new-balance-london-marathon-17,https://raw.githubusercontent.com/danilosierrac/greta-media/main/media/new-balance-london-marathon/17.jpg,,"New Balance London Marathon Short Product Media 04",17,new-balance-london-marathon,Image
"New Balance London Marathon 18",new-balance-london-marathon-18,https://raw.githubusercontent.com/danilosierrac/greta-media/main/media/new-balance-london-marathon/18-poster.jpg,https://raw.githubusercontent.com/danilosierrac/greta-media/main/media/new-balance-london-marathon/18.mp4,"New version mai video 2 3",18,new-balance-london-marathon,Video
"The North Face HKE 01",the-north-face-hke-01,https://raw.githubusercontent.com/danilosierrac/greta-media/main/media/the-north-face-hke/01-poster.jpg,https://raw.githubusercontent.com/danilosierrac/greta-media/main/media/the-north-face-hke/01.mp4,"THENORTHFACE HKE JACKETHOOD 2x3",1,the-north-face-hke,Video
"The North Face HKE 02",the-north-face-hke-02,https://raw.githubusercontent.com/danilosierrac/greta-media/main/media/the-north-face-hke/02-poster.jpg,https://raw.githubusercontent.com/danilosierrac/greta-media/main/media/the-north-face-hke/02.mp4,"THENORTHFACE HKE JACKET 2x3",2,the-north-face-hke,Video
"The North Face HKE 03",the-north-face-hke-03,https://raw.githubusercontent.com/danilosierrac/greta-media/main/media/the-north-face-hke/03-poster.jpg,https://raw.githubusercontent.com/danilosierrac/greta-media/main/media/the-north-face-hke/03.mp4,"THENORTHFACE HKE SHOES 2x3",3,the-north-face-hke,Video
"The North Face HKE 04",the-north-face-hke-04,https://raw.githubusercontent.com/danilosierrac/greta-media/main/media/the-north-face-hke/04-poster.jpg,https://raw.githubusercontent.com/danilosierrac/greta-media/main/media/the-north-face-hke/04.mp4,"THENORTHFACE HKE TROUSERS 2x3",4,the-north-face-hke,Video
"The North Face HKE 05",the-north-face-hke-05,https://raw.githubusercontent.com/danilosierrac/greta-media/main/media/the-north-face-hke/05.jpg,,"The North Face HKe Header Image Desktop",5,the-north-face-hke,Image
"The North Face HKE 06",the-north-face-hke-06,https://raw.githubusercontent.com/danilosierrac/greta-media/main/media/the-north-face-hke/06.jpg,,"The North Face HKe Media Image 2x3 1",6,the-north-face-hke,Image
"The North Face HKE 07",the-north-face-hke-07,https://raw.githubusercontent.com/danilosierrac/greta-media/main/media/the-north-face-hke/07.jpg,,"The North Face HKe Media Image 2x3 3",7,the-north-face-hke,Image
"The North Face HKE 08",the-north-face-hke-08,https://raw.githubusercontent.com/danilosierrac/greta-media/main/media/the-north-face-hke/08.jpg,,"The North Face HKe Media Image 2x3 4",8,the-north-face-hke,Image
"The North Face HKE 09",the-north-face-hke-09,https://raw.githubusercontent.com/danilosierrac/greta-media/main/media/the-north-face-hke/09.jpg,,"The North Face HKe Media Image 2x3 6",9,the-north-face-hke,Image
"The North Face HKE 10",the-north-face-hke-10,https://raw.githubusercontent.com/danilosierrac/greta-media/main/media/the-north-face-hke/10.jpg,,"The North Face HKe Media Image 2x3 7",10,the-north-face-hke,Image
"The North Face HKE 11",the-north-face-hke-11,https://raw.githubusercontent.com/danilosierrac/greta-media/main/media/the-north-face-hke/11.jpg,,"The North Face HKe Media Image 2x3 9",11,the-north-face-hke,Image
"The North Face HKE 12",the-north-face-hke-12,https://raw.githubusercontent.com/danilosierrac/greta-media/main/media/the-north-face-hke/12.jpg,,"The North Face HKe Media Video 2x3 Thumbnail 10",12,the-north-face-hke,Image
"The North Face HKE 13",the-north-face-hke-13,https://raw.githubusercontent.com/danilosierrac/greta-media/main/media/the-north-face-hke/13.jpg,,"The North Face HKe Media Video 2x3 Thumbnail 2",13,the-north-face-hke,Image
"The North Face HKE 14",the-north-face-hke-14,https://raw.githubusercontent.com/danilosierrac/greta-media/main/media/the-north-face-hke/14.jpg,,"The North Face HKe Media Video 2x3 Thumbnail 5",14,the-north-face-hke,Image
"The North Face HKE 15",the-north-face-hke-15,https://raw.githubusercontent.com/danilosierrac/greta-media/main/media/the-north-face-hke/15.jpg,,"The North Face HKe Media Video 2x3 Thumbnail 8",15,the-north-face-hke,Image
"The North Face HKE 16",the-north-face-hke-16,https://raw.githubusercontent.com/danilosierrac/greta-media/main/media/the-north-face-hke/16.jpg,,"The North Face HKE Article Entry Point 6",16,the-north-face-hke,Image
"The North Face HKE 17",the-north-face-hke-17,https://raw.githubusercontent.com/danilosierrac/greta-media/main/media/the-north-face-hke/17.jpg,,"The North Face HKE Entry point 3x2",17,the-north-face-hke,Image
"The North Face HKE 18",the-north-face-hke-18,https://raw.githubusercontent.com/danilosierrac/greta-media/main/media/the-north-face-hke/18.jpg,,"The North Face HKE Short Product + Media 01",18,the-north-face-hke,Image
"Adidas Exclusive CCA Drop 2 01",adidas-exclusive-cca-drop-2-01,https://raw.githubusercontent.com/danilosierrac/greta-media/main/media/adidas-exclusive-cca-drop-2/01.jpg,,"Adidas Exclusive CCA Article Header Image Desktop",1,adidas-exclusive-cca-drop-2,Image
"Adidas Exclusive CCA Drop 2 02",adidas-exclusive-cca-drop-2-02,https://raw.githubusercontent.com/danilosierrac/greta-media/main/media/adidas-exclusive-cca-drop-2/02.jpg,,"Adidas Exclusive CCA Article Media Image 2x3 Desktop&Mobile 01",2,adidas-exclusive-cca-drop-2,Image
"Adidas Exclusive CCA Drop 2 03",adidas-exclusive-cca-drop-2-03,https://raw.githubusercontent.com/danilosierrac/greta-media/main/media/adidas-exclusive-cca-drop-2/03.jpg,,"Adidas Exclusive CCA Article Media Image 2x3 Desktop&Mobile 02",3,adidas-exclusive-cca-drop-2,Image
"Adidas Exclusive CCA Drop 2 04",adidas-exclusive-cca-drop-2-04,https://raw.githubusercontent.com/danilosierrac/greta-media/main/media/adidas-exclusive-cca-drop-2/04.jpg,,"Adidas Exclusive CCA Article Media Image 2x3 Desktop&Mobile 03",4,adidas-exclusive-cca-drop-2,Image
"Adidas Exclusive CCA Drop 2 05",adidas-exclusive-cca-drop-2-05,https://raw.githubusercontent.com/danilosierrac/greta-media/main/media/adidas-exclusive-cca-drop-2/05.jpg,,"Adidas Exclusive CCA Article Media Image 2x3 Desktop&Mobile 04",5,adidas-exclusive-cca-drop-2,Image
"Adidas Exclusive CCA Drop 2 06",adidas-exclusive-cca-drop-2-06,https://raw.githubusercontent.com/danilosierrac/greta-media/main/media/adidas-exclusive-cca-drop-2/06.jpg,,"Adidas Exclusive CCA Article Media Image 2x3 Desktop&Mobile 05",6,adidas-exclusive-cca-drop-2,Image
"Adidas Exclusive CCA Drop 2 07",adidas-exclusive-cca-drop-2-07,https://raw.githubusercontent.com/danilosierrac/greta-media/main/media/adidas-exclusive-cca-drop-2/07.jpg,,"Adidas Exclusive CCA Article Media Image 2x3 Desktop&Mobile 06",7,adidas-exclusive-cca-drop-2,Image
"Adidas Exclusive CCA Drop 2 08",adidas-exclusive-cca-drop-2-08,https://raw.githubusercontent.com/danilosierrac/greta-media/main/media/adidas-exclusive-cca-drop-2/08.jpg,,"Adidas Exclusive CCA Article Media Image 2x3 Desktop&Mobile 07",8,adidas-exclusive-cca-drop-2,Image
"Adidas Exclusive CCA Drop 2 09",adidas-exclusive-cca-drop-2-09,https://raw.githubusercontent.com/danilosierrac/greta-media/main/media/adidas-exclusive-cca-drop-2/09.jpg,,"Adidas Exclusive CCA Article Media Image 2x3 Desktop&Mobile 08",9,adidas-exclusive-cca-drop-2,Image
"Adidas Exclusive CCA Drop 2 10",adidas-exclusive-cca-drop-2-10,https://raw.githubusercontent.com/danilosierrac/greta-media/main/media/adidas-exclusive-cca-drop-2/10.jpg,,"Adidas Exclusive CCA Article Media Image 2x3 Desktop&Mobile 09",10,adidas-exclusive-cca-drop-2,Image
"Adidas Exclusive CCA Drop 2 11",adidas-exclusive-cca-drop-2-11,https://raw.githubusercontent.com/danilosierrac/greta-media/main/media/adidas-exclusive-cca-drop-2/11.jpg,,"Adidas Exclusive CCA Article Media Image 2x3 Desktop&Mobile 10",11,adidas-exclusive-cca-drop-2,Image
"Adidas Exclusive CCA Drop 2 12",adidas-exclusive-cca-drop-2-12,https://raw.githubusercontent.com/danilosierrac/greta-media/main/media/adidas-exclusive-cca-drop-2/12.jpg,,"Adidas Exclusive CCA Article Media Video 16x9 (Desktop)",12,adidas-exclusive-cca-drop-2,Image
"Adidas Exclusive CCA Drop 2 13",adidas-exclusive-cca-drop-2-13,https://raw.githubusercontent.com/danilosierrac/greta-media/main/media/adidas-exclusive-cca-drop-2/13.jpg,,"Adidas Exclusive CCA Entry Point 2x3 1",13,adidas-exclusive-cca-drop-2,Image
"Adidas Exclusive CCA Drop 2 14",adidas-exclusive-cca-drop-2-14,https://raw.githubusercontent.com/danilosierrac/greta-media/main/media/adidas-exclusive-cca-drop-2/14.jpg,,"Adidas Exclusive CCA Entry Point 2x3 2",14,adidas-exclusive-cca-drop-2,Image
"Adidas Exclusive CCA Drop 2 15",adidas-exclusive-cca-drop-2-15,https://raw.githubusercontent.com/danilosierrac/greta-media/main/media/adidas-exclusive-cca-drop-2/15.jpg,,"Adidas Exclusive CCA Entry Point 3x2 1",15,adidas-exclusive-cca-drop-2,Image
"Adidas Exclusive CCA Drop 2 16",adidas-exclusive-cca-drop-2-16,https://raw.githubusercontent.com/danilosierrac/greta-media/main/media/adidas-exclusive-cca-drop-2/16.jpg,,"Adidas Exclusive CCA Entry Point 3x2 2",16,adidas-exclusive-cca-drop-2,Image
"Adidas Exclusive CCA Drop 2 17",adidas-exclusive-cca-drop-2-17,https://raw.githubusercontent.com/danilosierrac/greta-media/main/media/adidas-exclusive-cca-drop-2/17.jpg,,"Adidas Exclusive CCA Short Media Video 02",17,adidas-exclusive-cca-drop-2,Image
"Adidas Exclusive CCA Drop 2 18",adidas-exclusive-cca-drop-2-18,https://raw.githubusercontent.com/danilosierrac/greta-media/main/media/adidas-exclusive-cca-drop-2/18.jpg,,"Adidas Exclusive CCA Short Product & Media 04",18,adidas-exclusive-cca-drop-2,Image
"Adidas Exclusive CCA Drop 2 19",adidas-exclusive-cca-drop-2-19,https://raw.githubusercontent.com/danilosierrac/greta-media/main/media/adidas-exclusive-cca-drop-2/19-poster.jpg,https://raw.githubusercontent.com/danilosierrac/greta-media/main/media/adidas-exclusive-cca-drop-2/19.mp4,"TS DROP ADIDAS CCA 2",19,adidas-exclusive-cca-drop-2,Video
"Nike ACG 3 01",nike-acg-3-01,https://raw.githubusercontent.com/danilosierrac/greta-media/main/media/nike-acg-3/01-poster.jpg,https://raw.githubusercontent.com/danilosierrac/greta-media/main/media/nike-acg-3/01.mp4,"Copy of TS NIKE ACG3 MAY FINAL",1,nike-acg-3,Video
"Nike ACG 3 02",nike-acg-3-02,https://raw.githubusercontent.com/danilosierrac/greta-media/main/media/nike-acg-3/02.jpg,,"Nike-ACG3 Entry point 2x3 V2",2,nike-acg-3,Image
"Nike ACG 3 03",nike-acg-3-03,https://raw.githubusercontent.com/danilosierrac/greta-media/main/media/nike-acg-3/03.jpg,,"Nike-ACG3 Header Image Desktop",3,nike-acg-3,Image
"Nike ACG 3 04",nike-acg-3-04,https://raw.githubusercontent.com/danilosierrac/greta-media/main/media/nike-acg-3/04.jpg,,"Nike-ACG3 Media Image 2x3 Desktop&Mobile 1",4,nike-acg-3,Image
"Nike ACG 3 05",nike-acg-3-05,https://raw.githubusercontent.com/danilosierrac/greta-media/main/media/nike-acg-3/05.jpg,,"Nike-ACG3 Media Image 2x3 Desktop&Mobile 10",5,nike-acg-3,Image
"Nike ACG 3 06",nike-acg-3-06,https://raw.githubusercontent.com/danilosierrac/greta-media/main/media/nike-acg-3/06.jpg,,"Nike-ACG3 Media Image 2x3 Desktop&Mobile 11",6,nike-acg-3,Image
"Nike ACG 3 07",nike-acg-3-07,https://raw.githubusercontent.com/danilosierrac/greta-media/main/media/nike-acg-3/07.jpg,,"Nike-ACG3 Media Image 2x3 Desktop&Mobile 12",7,nike-acg-3,Image
"Nike ACG 3 08",nike-acg-3-08,https://raw.githubusercontent.com/danilosierrac/greta-media/main/media/nike-acg-3/08.jpg,,"Nike-ACG3 Media Image 2x3 Desktop&Mobile 2",8,nike-acg-3,Image
"Nike ACG 3 09",nike-acg-3-09,https://raw.githubusercontent.com/danilosierrac/greta-media/main/media/nike-acg-3/09.jpg,,"Nike-ACG3 Media Image 2x3 Desktop&Mobile 3",9,nike-acg-3,Image
"Nike ACG 3 10",nike-acg-3-10,https://raw.githubusercontent.com/danilosierrac/greta-media/main/media/nike-acg-3/10.jpg,,"Nike-ACG3 Media Image 2x3 Desktop&Mobile 4",10,nike-acg-3,Image
"Nike ACG 3 11",nike-acg-3-11,https://raw.githubusercontent.com/danilosierrac/greta-media/main/media/nike-acg-3/11.jpg,,"Nike-ACG3 Media Image 2x3 Desktop&Mobile 5",11,nike-acg-3,Image
"Nike ACG 3 12",nike-acg-3-12,https://raw.githubusercontent.com/danilosierrac/greta-media/main/media/nike-acg-3/12.jpg,,"Nike-ACG3 Media Image 2x3 Desktop&Mobile 6",12,nike-acg-3,Image
"Nike ACG 3 13",nike-acg-3-13,https://raw.githubusercontent.com/danilosierrac/greta-media/main/media/nike-acg-3/13.jpg,,"Nike-ACG3 Media Image 2x3 Desktop&Mobile 7",13,nike-acg-3,Image
"Nike ACG 3 14",nike-acg-3-14,https://raw.githubusercontent.com/danilosierrac/greta-media/main/media/nike-acg-3/14.jpg,,"Nike-ACG3 Media Image 2x3 Desktop&Mobile 8",14,nike-acg-3,Image
"Nike ACG 3 15",nike-acg-3-15,https://raw.githubusercontent.com/danilosierrac/greta-media/main/media/nike-acg-3/15.jpg,,"Nike-ACG3 Media Image 2x3 Desktop&Mobile 9",15,nike-acg-3,Image
"Nike ACG 3 16",nike-acg-3-16,https://raw.githubusercontent.com/danilosierrac/greta-media/main/media/nike-acg-3/16.jpg,,"Nike ACG3 Media Video-Thumbnail 16 9 Mobile 1",16,nike-acg-3,Image
"Boss-up your style 01",boss-up-your-style-01,https://raw.githubusercontent.com/danilosierrac/greta-media/main/media/boss-up-your-style/01.jpg,,"20250821 Zalando BossUpYourStyle 01 160 RET",1,boss-up-your-style,Image
"Boss-up your style 02",boss-up-your-style-02,https://raw.githubusercontent.com/danilosierrac/greta-media/main/media/boss-up-your-style/02.jpg,,"20250821 Zalando BossUpYourStyle 01 256 RET",2,boss-up-your-style,Image
"Boss-up your style 03",boss-up-your-style-03,https://raw.githubusercontent.com/danilosierrac/greta-media/main/media/boss-up-your-style/03.jpg,,"20250821 Zalando BossUpYourStyle 02 639 RET",3,boss-up-your-style,Image
"Boss-up your style 04",boss-up-your-style-04,https://raw.githubusercontent.com/danilosierrac/greta-media/main/media/boss-up-your-style/04.jpg,,"20250821 Zalando BossUpYourStyle 02 683 RET",4,boss-up-your-style,Image
"Boss-up your style 05",boss-up-your-style-05,https://raw.githubusercontent.com/danilosierrac/greta-media/main/media/boss-up-your-style/05.jpg,,"20250821 Zalando BossUpYourStyle 03 1008 RET",5,boss-up-your-style,Image
"Boss-up your style 06",boss-up-your-style-06,https://raw.githubusercontent.com/danilosierrac/greta-media/main/media/boss-up-your-style/06.jpg,,"20250821 Zalando BossUpYourStyle 03 1046 RET",6,boss-up-your-style,Image
"Boss-up your style 07",boss-up-your-style-07,https://raw.githubusercontent.com/danilosierrac/greta-media/main/media/boss-up-your-style/07.jpg,,"20250821 Zalando BossUpYourStyle 03 1056 RET",7,boss-up-your-style,Image
"Boss-up your style 08",boss-up-your-style-08,https://raw.githubusercontent.com/danilosierrac/greta-media/main/media/boss-up-your-style/08.jpg,,"20250821 Zalando BossUpYourStyle 03 1075 RET",8,boss-up-your-style,Image
"Boss-up your style 09",boss-up-your-style-09,https://raw.githubusercontent.com/danilosierrac/greta-media/main/media/boss-up-your-style/09.jpg,,"20250821 Zalando BossUpYourStyle 03 1106 RET",9,boss-up-your-style,Image
"Boss-up your style 10",boss-up-your-style-10,https://raw.githubusercontent.com/danilosierrac/greta-media/main/media/boss-up-your-style/10.jpg,,"20250821 Zalando BossUpYourStyle 03 992 RET",10,boss-up-your-style,Image
"Boss-up your style 11",boss-up-your-style-11,https://raw.githubusercontent.com/danilosierrac/greta-media/main/media/boss-up-your-style/11.jpg,,"20250821 Zalando BossUpYourStyle 04 1204 RET",11,boss-up-your-style,Image
"Boss-up your style 12",boss-up-your-style-12,https://raw.githubusercontent.com/danilosierrac/greta-media/main/media/boss-up-your-style/12.jpg,,"20250821 Zalando BossUpYourStyle 04 1389 RET",12,boss-up-your-style,Image
"Winter skincare hacks 01",winter-skincare-hacks-01,https://raw.githubusercontent.com/danilosierrac/greta-media/main/media/winter-skincare-hacks/01.jpg,,"Article Entry Point 6",1,winter-skincare-hacks,Image
"Winter skincare hacks 02",winter-skincare-hacks-02,https://raw.githubusercontent.com/danilosierrac/greta-media/main/media/winter-skincare-hacks/02.jpg,,"Entry point 2x3 01",2,winter-skincare-hacks,Image
"Winter skincare hacks 03",winter-skincare-hacks-03,https://raw.githubusercontent.com/danilosierrac/greta-media/main/media/winter-skincare-hacks/03.jpg,,"Media Image 2 3 Desktop&Mobile 02",3,winter-skincare-hacks,Image
"Winter skincare hacks 04",winter-skincare-hacks-04,https://raw.githubusercontent.com/danilosierrac/greta-media/main/media/winter-skincare-hacks/04.jpg,,"Media+Product Only 3",4,winter-skincare-hacks,Image
"Winter skincare hacks 05",winter-skincare-hacks-05,https://raw.githubusercontent.com/danilosierrac/greta-media/main/media/winter-skincare-hacks/05.jpg,,"Media+Product Only 4",5,winter-skincare-hacks,Image
"Winter skincare hacks 06",winter-skincare-hacks-06,https://raw.githubusercontent.com/danilosierrac/greta-media/main/media/winter-skincare-hacks/06.jpg,,"Short Cover slide 1",6,winter-skincare-hacks,Image
"Winter skincare hacks 07",winter-skincare-hacks-07,https://raw.githubusercontent.com/danilosierrac/greta-media/main/media/winter-skincare-hacks/07-poster.jpg,https://raw.githubusercontent.com/danilosierrac/greta-media/main/media/winter-skincare-hacks/07.mp4,"WINTER SKINCARE EVENING LP 1920x2400",7,winter-skincare-hacks,Video
"Winter skincare hacks 08",winter-skincare-hacks-08,https://raw.githubusercontent.com/danilosierrac/greta-media/main/media/winter-skincare-hacks/08-poster.jpg,https://raw.githubusercontent.com/danilosierrac/greta-media/main/media/winter-skincare-hacks/08.mp4,"WINTER SKINCARE MORNING LP 1920x2400",8,winter-skincare-hacks,Video
"Winter skincare hacks 09",winter-skincare-hacks-09,https://raw.githubusercontent.com/danilosierrac/greta-media/main/media/winter-skincare-hacks/09-poster.jpg,https://raw.githubusercontent.com/danilosierrac/greta-media/main/media/winter-skincare-hacks/09.mp4,"WINTER SKINCARE SHORT 1080x1920",9,winter-skincare-hacks,Video
"Winter skincare hacks 10",winter-skincare-hacks-10,https://raw.githubusercontent.com/danilosierrac/greta-media/main/media/winter-skincare-hacks/10.jpg,,"WINTER SKINCARE SHORT 1080x1920 THUMBANIL",10,winter-skincare-hacks,Image
"194. Drip: New Year fitness wellness 01",194-drip-new-year-fitness-wellness-01,https://raw.githubusercontent.com/danilosierrac/greta-media/main/media/194-drip-new-year-fitness-wellness/01.jpg,,"Article Entry Point 6",1,194-drip-new-year-fitness-wellness,Image
"194. Drip: New Year fitness wellness 02",194-drip-new-year-fitness-wellness-02,https://raw.githubusercontent.com/danilosierrac/greta-media/main/media/194-drip-new-year-fitness-wellness/02.jpg,,"Entry point 2x3 01",2,194-drip-new-year-fitness-wellness,Image
"194. Drip: New Year fitness wellness 03",194-drip-new-year-fitness-wellness-03,https://raw.githubusercontent.com/danilosierrac/greta-media/main/media/194-drip-new-year-fitness-wellness/03.jpg,,"Header Image Desktop",3,194-drip-new-year-fitness-wellness,Image
"194. Drip: New Year fitness wellness 04",194-drip-new-year-fitness-wellness-04,https://raw.githubusercontent.com/danilosierrac/greta-media/main/media/194-drip-new-year-fitness-wellness/04.jpg,,"Header Image Mobile",4,194-drip-new-year-fitness-wellness,Image
"194. Drip: New Year fitness wellness 05",194-drip-new-year-fitness-wellness-05,https://raw.githubusercontent.com/danilosierrac/greta-media/main/media/194-drip-new-year-fitness-wellness/05.jpg,,"Media mage 2x3 Desktop&Mobile 01",5,194-drip-new-year-fitness-wellness,Image
"194. Drip: New Year fitness wellness 06",194-drip-new-year-fitness-wellness-06,https://raw.githubusercontent.com/danilosierrac/greta-media/main/media/194-drip-new-year-fitness-wellness/06.jpg,,"Media mage 2x3 Desktop&Mobile 03",6,194-drip-new-year-fitness-wellness,Image
"194. Drip: New Year fitness wellness 07",194-drip-new-year-fitness-wellness-07,https://raw.githubusercontent.com/danilosierrac/greta-media/main/media/194-drip-new-year-fitness-wellness/07.jpg,,"Media Image 2x3 Desktop&Mobile 02",7,194-drip-new-year-fitness-wellness,Image
"194. Drip: New Year fitness wellness 08",194-drip-new-year-fitness-wellness-08,https://raw.githubusercontent.com/danilosierrac/greta-media/main/media/194-drip-new-year-fitness-wellness/08.jpg,,"Media Image 2x3 Desktop&Mobile 04",8,194-drip-new-year-fitness-wellness,Image
"194. Drip: New Year fitness wellness 09",194-drip-new-year-fitness-wellness-09,https://raw.githubusercontent.com/danilosierrac/greta-media/main/media/194-drip-new-year-fitness-wellness/09.jpg,,"Media Image 2x3 Desktop&Mobile 05",9,194-drip-new-year-fitness-wellness,Image
"194. Drip: New Year fitness wellness 10",194-drip-new-year-fitness-wellness-10,https://raw.githubusercontent.com/danilosierrac/greta-media/main/media/194-drip-new-year-fitness-wellness/10.jpg,,"Media Text 2",10,194-drip-new-year-fitness-wellness,Image
"194. Drip: New Year fitness wellness 11",194-drip-new-year-fitness-wellness-11,https://raw.githubusercontent.com/danilosierrac/greta-media/main/media/194-drip-new-year-fitness-wellness/11-poster.jpg,https://raw.githubusercontent.com/danilosierrac/greta-media/main/media/194-drip-new-year-fitness-wellness/11.mp4,"New Year Fitness Wellness Short Media Only 2",11,194-drip-new-year-fitness-wellness,Video
"194. Drip: New Year fitness wellness 12",194-drip-new-year-fitness-wellness-12,https://raw.githubusercontent.com/danilosierrac/greta-media/main/media/194-drip-new-year-fitness-wellness/12.jpg,,"Short Cover slide 1",12,194-drip-new-year-fitness-wellness,Image
"Adidas Culture Wear 01",adidas-culture-wear-01,https://raw.githubusercontent.com/danilosierrac/greta-media/main/media/adidas-culture-wear/01-poster.jpg,https://raw.githubusercontent.com/danilosierrac/greta-media/main/media/adidas-culture-wear/01.mp4,"Calling the Shots WIP2",1,adidas-culture-wear,Video
"Adidas Culture Wear 02",adidas-culture-wear-02,https://raw.githubusercontent.com/danilosierrac/greta-media/main/media/adidas-culture-wear/02.jpg,,"Adidas Culture Wear Entry Point 2x3 01",2,adidas-culture-wear,Image
"Adidas Culture Wear 03",adidas-culture-wear-03,https://raw.githubusercontent.com/danilosierrac/greta-media/main/media/adidas-culture-wear/03.jpg,,"Adidas Culture Wear Entry Point 3x2 01",3,adidas-culture-wear,Image
"Adidas Culture Wear 04",adidas-culture-wear-04,https://raw.githubusercontent.com/danilosierrac/greta-media/main/media/adidas-culture-wear/04-poster.jpg,https://raw.githubusercontent.com/danilosierrac/greta-media/main/media/adidas-culture-wear/04.mp4,"Game Changer WIP5",4,adidas-culture-wear,Video
"Adidas Culture Wear 05",adidas-culture-wear-05,https://raw.githubusercontent.com/danilosierrac/greta-media/main/media/adidas-culture-wear/05.jpg,,"Adidas Culture Wear Article Brand Bio",5,adidas-culture-wear,Image
"Adidas Culture Wear 06",adidas-culture-wear-06,https://raw.githubusercontent.com/danilosierrac/greta-media/main/media/adidas-culture-wear/06.jpg,,"Adidas Culture Wear Article Header Image Desktop",6,adidas-culture-wear,Image
"Adidas Culture Wear 07",adidas-culture-wear-07,https://raw.githubusercontent.com/danilosierrac/greta-media/main/media/adidas-culture-wear/07.jpg,,"Adidas Culture Wear Article Header Image Mobile",7,adidas-culture-wear,Image
"Adidas Culture Wear 08",adidas-culture-wear-08,https://raw.githubusercontent.com/danilosierrac/greta-media/main/media/adidas-culture-wear/08-poster.jpg,https://raw.githubusercontent.com/danilosierrac/greta-media/main/media/adidas-culture-wear/08.mp4,"Ready for Extra Time WIP4",8,adidas-culture-wear,Video
"Adidas Culture Wear 09",adidas-culture-wear-09,https://raw.githubusercontent.com/danilosierrac/greta-media/main/media/adidas-culture-wear/09.jpg,,"Adidas Culture Wear Product Media Video",9,adidas-culture-wear,Image
"Adidas Culture Wear 10",adidas-culture-wear-10,https://raw.githubusercontent.com/danilosierrac/greta-media/main/media/adidas-culture-wear/10.jpg,,"Adidas Culture Wear Short Article Entry Point 01",10,adidas-culture-wear,Image
"Adidas Culture Wear 11",adidas-culture-wear-11,https://raw.githubusercontent.com/danilosierrac/greta-media/main/media/adidas-culture-wear/11.jpg,,"Adidas Culture Wear Short Cover slide 01",11,adidas-culture-wear,Image
"Adidas Culture Wear 12",adidas-culture-wear-12,https://raw.githubusercontent.com/danilosierrac/greta-media/main/media/adidas-culture-wear/12-poster.jpg,https://raw.githubusercontent.com/danilosierrac/greta-media/main/media/adidas-culture-wear/12.mp4,"Shorts WIP8",12,adidas-culture-wear,Video
"Adidas Culture Wear 13",adidas-culture-wear-13,https://raw.githubusercontent.com/danilosierrac/greta-media/main/media/adidas-culture-wear/13-poster.jpg,https://raw.githubusercontent.com/danilosierrac/greta-media/main/media/adidas-culture-wear/13.mp4,"Starting Line-Up WIP3",13,adidas-culture-wear,Video
"Adidas Culture Wear 14",adidas-culture-wear-14,https://raw.githubusercontent.com/danilosierrac/greta-media/main/media/adidas-culture-wear/14.jpg,,"Calling the Shots Thumbnail",14,adidas-culture-wear,Image
"Adidas Culture Wear 15",adidas-culture-wear-15,https://raw.githubusercontent.com/danilosierrac/greta-media/main/media/adidas-culture-wear/15.jpg,,"Game Changer Thumbnail",15,adidas-culture-wear,Image
"Adidas Culture Wear 16",adidas-culture-wear-16,https://raw.githubusercontent.com/danilosierrac/greta-media/main/media/adidas-culture-wear/16.jpg,,"Ready for Extra Time Thumbnail",16,adidas-culture-wear,Image
"Adidas Culture Wear 17",adidas-culture-wear-17,https://raw.githubusercontent.com/danilosierrac/greta-media/main/media/adidas-culture-wear/17.jpg,,"Starting Line-Up Thumbnail",17,adidas-culture-wear,Image
"Adidas Culture Wear 18",adidas-culture-wear-18,https://raw.githubusercontent.com/danilosierrac/greta-media/main/media/adidas-culture-wear/18.jpg,,"Adidas Culture Wear 2x3 1 1",18,adidas-culture-wear,Image
"Adidas Culture Wear 19",adidas-culture-wear-19,https://raw.githubusercontent.com/danilosierrac/greta-media/main/media/adidas-culture-wear/19.jpg,,"Adidas Culture Wear 2x3 1 2",19,adidas-culture-wear,Image
"Adidas Culture Wear 20",adidas-culture-wear-20,https://raw.githubusercontent.com/danilosierrac/greta-media/main/media/adidas-culture-wear/20.jpg,,"Adidas Culture Wear 2x3 1 3",20,adidas-culture-wear,Image
"Adidas Culture Wear 21",adidas-culture-wear-21,https://raw.githubusercontent.com/danilosierrac/greta-media/main/media/adidas-culture-wear/21.jpg,,"Adidas Culture Wear 2x3 1 4",21,adidas-culture-wear,Image
"Adidas Culture Wear 22",adidas-culture-wear-22,https://raw.githubusercontent.com/danilosierrac/greta-media/main/media/adidas-culture-wear/22.jpg,,"Adidas Culture Wear 2x3 2 1",22,adidas-culture-wear,Image
"Adidas Culture Wear 23",adidas-culture-wear-23,https://raw.githubusercontent.com/danilosierrac/greta-media/main/media/adidas-culture-wear/23.jpg,,"Adidas Culture Wear 2x3 2 2",23,adidas-culture-wear,Image
"Adidas Culture Wear 24",adidas-culture-wear-24,https://raw.githubusercontent.com/danilosierrac/greta-media/main/media/adidas-culture-wear/24.jpg,,"Adidas Culture Wear 2x3 2 3",24,adidas-culture-wear,Image
"Adidas Culture Wear 25",adidas-culture-wear-25,https://raw.githubusercontent.com/danilosierrac/greta-media/main/media/adidas-culture-wear/25.jpg,,"Adidas Culture Wear 2x3 3 1",25,adidas-culture-wear,Image
"Adidas Culture Wear 26",adidas-culture-wear-26,https://raw.githubusercontent.com/danilosierrac/greta-media/main/media/adidas-culture-wear/26.jpg,,"Adidas Culture Wear 2x3 3 2",26,adidas-culture-wear,Image
"Adidas Culture Wear 27",adidas-culture-wear-27,https://raw.githubusercontent.com/danilosierrac/greta-media/main/media/adidas-culture-wear/27.jpg,,"Adidas Culture Wear 2x3 3 3",27,adidas-culture-wear,Image
"Adidas Culture Wear 28",adidas-culture-wear-28,https://raw.githubusercontent.com/danilosierrac/greta-media/main/media/adidas-culture-wear/28.jpg,,"Adidas Culture Wear 2x3 4 1",28,adidas-culture-wear,Image
"Adidas Culture Wear 29",adidas-culture-wear-29,https://raw.githubusercontent.com/danilosierrac/greta-media/main/media/adidas-culture-wear/29.jpg,,"Adidas Culture Wear 2x3 4 2",29,adidas-culture-wear,Image
"Adidas Culture Wear 30",adidas-culture-wear-30,https://raw.githubusercontent.com/danilosierrac/greta-media/main/media/adidas-culture-wear/30.jpg,,"Adidas Culture Wear 2x3 4 3",30,adidas-culture-wear,Image
"adidas x hermanos koumori 01",adidas-x-hermanos-koumori-01,https://raw.githubusercontent.com/danilosierrac/greta-media/main/media/adidas-x-hermanos-koumori/01.jpg,,"adidas x Hermanos Koumori Brand Bio",1,adidas-x-hermanos-koumori,Image
"adidas x hermanos koumori 02",adidas-x-hermanos-koumori-02,https://raw.githubusercontent.com/danilosierrac/greta-media/main/media/adidas-x-hermanos-koumori/02.jpg,,"adidas x Hermanos Koumori Header Image Desktop",2,adidas-x-hermanos-koumori,Image
"adidas x hermanos koumori 03",adidas-x-hermanos-koumori-03,https://raw.githubusercontent.com/danilosierrac/greta-media/main/media/adidas-x-hermanos-koumori/03.jpg,,"adidas x Hermanos Koumori Header Image Mobile",3,adidas-x-hermanos-koumori,Image
"adidas x hermanos koumori 04",adidas-x-hermanos-koumori-04,https://raw.githubusercontent.com/danilosierrac/greta-media/main/media/adidas-x-hermanos-koumori/04-poster.jpg,https://raw.githubusercontent.com/danilosierrac/greta-media/main/media/adidas-x-hermanos-koumori/04.mp4,"Header 2x3",4,adidas-x-hermanos-koumori,Video
"adidas x hermanos koumori 05",adidas-x-hermanos-koumori-05,https://raw.githubusercontent.com/danilosierrac/greta-media/main/media/adidas-x-hermanos-koumori/05-poster.jpg,https://raw.githubusercontent.com/danilosierrac/greta-media/main/media/adidas-x-hermanos-koumori/05.mp4,"Header 3x2",5,adidas-x-hermanos-koumori,Video
"adidas x hermanos koumori 06",adidas-x-hermanos-koumori-06,https://raw.githubusercontent.com/danilosierrac/greta-media/main/media/adidas-x-hermanos-koumori/06-poster.jpg,https://raw.githubusercontent.com/danilosierrac/greta-media/main/media/adidas-x-hermanos-koumori/06.mp4,"Shorts",6,adidas-x-hermanos-koumori,Video
"adidas x hermanos koumori 07",adidas-x-hermanos-koumori-07,https://raw.githubusercontent.com/danilosierrac/greta-media/main/media/adidas-x-hermanos-koumori/07-poster.jpg,https://raw.githubusercontent.com/danilosierrac/greta-media/main/media/adidas-x-hermanos-koumori/07.mp4,"HEADER 2x3 - GRADED",7,adidas-x-hermanos-koumori,Video
"adidas x hermanos koumori 08",adidas-x-hermanos-koumori-08,https://raw.githubusercontent.com/danilosierrac/greta-media/main/media/adidas-x-hermanos-koumori/08-poster.jpg,https://raw.githubusercontent.com/danilosierrac/greta-media/main/media/adidas-x-hermanos-koumori/08.mp4,"HEADER 3x2 - GRADED",8,adidas-x-hermanos-koumori,Video
"adidas x hermanos koumori 09",adidas-x-hermanos-koumori-09,https://raw.githubusercontent.com/danilosierrac/greta-media/main/media/adidas-x-hermanos-koumori/09-poster.jpg,https://raw.githubusercontent.com/danilosierrac/greta-media/main/media/adidas-x-hermanos-koumori/09.mp4,"SHORTS - GRADED",9,adidas-x-hermanos-koumori,Video
"adidas x hermanos koumori 10",adidas-x-hermanos-koumori-10,https://raw.githubusercontent.com/danilosierrac/greta-media/main/media/adidas-x-hermanos-koumori/10-poster.jpg,https://raw.githubusercontent.com/danilosierrac/greta-media/main/media/adidas-x-hermanos-koumori/10.mp4,"SHORTS - GRADED",10,adidas-x-hermanos-koumori,Video
"adidas x hermanos koumori 11",adidas-x-hermanos-koumori-11,https://raw.githubusercontent.com/danilosierrac/greta-media/main/media/adidas-x-hermanos-koumori/11-poster.jpg,https://raw.githubusercontent.com/danilosierrac/greta-media/main/media/adidas-x-hermanos-koumori/11.mp4,"ADIDASxHERMANOS LP ADRENALINE CHASER - GRADED",11,adidas-x-hermanos-koumori,Video
"adidas x hermanos koumori 12",adidas-x-hermanos-koumori-12,https://raw.githubusercontent.com/danilosierrac/greta-media/main/media/adidas-x-hermanos-koumori/12-poster.jpg,https://raw.githubusercontent.com/danilosierrac/greta-media/main/media/adidas-x-hermanos-koumori/12.mp4,"ADIDASxHERMANOS LP RUN CLUB LOVER",12,adidas-x-hermanos-koumori,Video
"adidas x hermanos koumori 13",adidas-x-hermanos-koumori-13,https://raw.githubusercontent.com/danilosierrac/greta-media/main/media/adidas-x-hermanos-koumori/13-poster.jpg,https://raw.githubusercontent.com/danilosierrac/greta-media/main/media/adidas-x-hermanos-koumori/13.mp4,"ADIDASxHERMANOS LP SOLO FUN RUNNER - GRADED",13,adidas-x-hermanos-koumori,Video
"adidas x hermanos koumori 14",adidas-x-hermanos-koumori-14,https://raw.githubusercontent.com/danilosierrac/greta-media/main/media/adidas-x-hermanos-koumori/14.jpg,,"adidas x Hermanos Koumori Entry Point 3x2",14,adidas-x-hermanos-koumori,Image
"adidas x hermanos koumori 15",adidas-x-hermanos-koumori-15,https://raw.githubusercontent.com/danilosierrac/greta-media/main/media/adidas-x-hermanos-koumori/15.jpg,,"adidas x Hermanos Koumori Media Image 2x3 1",15,adidas-x-hermanos-koumori,Image
"adidas x hermanos koumori 16",adidas-x-hermanos-koumori-16,https://raw.githubusercontent.com/danilosierrac/greta-media/main/media/adidas-x-hermanos-koumori/16.jpg,,"adidas x Hermanos Koumori Media Image 2x3 11",16,adidas-x-hermanos-koumori,Image
"adidas x hermanos koumori 17",adidas-x-hermanos-koumori-17,https://raw.githubusercontent.com/danilosierrac/greta-media/main/media/adidas-x-hermanos-koumori/17.jpg,,"adidas x Hermanos Koumori Media Image 2x3 12",17,adidas-x-hermanos-koumori,Image
"adidas x hermanos koumori 18",adidas-x-hermanos-koumori-18,https://raw.githubusercontent.com/danilosierrac/greta-media/main/media/adidas-x-hermanos-koumori/18.jpg,,"adidas x Hermanos Koumori Media Image 2x3 3",18,adidas-x-hermanos-koumori,Image
"adidas x hermanos koumori 19",adidas-x-hermanos-koumori-19,https://raw.githubusercontent.com/danilosierrac/greta-media/main/media/adidas-x-hermanos-koumori/19.jpg,,"adidas x Hermanos Koumori Media Image 2x3 4",19,adidas-x-hermanos-koumori,Image
"adidas x hermanos koumori 20",adidas-x-hermanos-koumori-20,https://raw.githubusercontent.com/danilosierrac/greta-media/main/media/adidas-x-hermanos-koumori/20.jpg,,"adidas x Hermanos Koumori Media Image 2x3 5",20,adidas-x-hermanos-koumori,Image
"adidas x hermanos koumori 21",adidas-x-hermanos-koumori-21,https://raw.githubusercontent.com/danilosierrac/greta-media/main/media/adidas-x-hermanos-koumori/21.jpg,,"adidas x Hermanos Koumori Media Image 2x3 7",21,adidas-x-hermanos-koumori,Image
"adidas x hermanos koumori 22",adidas-x-hermanos-koumori-22,https://raw.githubusercontent.com/danilosierrac/greta-media/main/media/adidas-x-hermanos-koumori/22.jpg,,"adidas x Hermanos Koumori Media Image 2x3 8",22,adidas-x-hermanos-koumori,Image
"adidas x hermanos koumori 23",adidas-x-hermanos-koumori-23,https://raw.githubusercontent.com/danilosierrac/greta-media/main/media/adidas-x-hermanos-koumori/23.jpg,,"adidas x Hermanos Koumori Media Image 2x3 9",23,adidas-x-hermanos-koumori,Image
"adidas x hermanos koumori 24",adidas-x-hermanos-koumori-24,https://raw.githubusercontent.com/danilosierrac/greta-media/main/media/adidas-x-hermanos-koumori/24.jpg,,"adidas x Hermanos Koumori Media Video 2x3 Thumbnail 10",24,adidas-x-hermanos-koumori,Image
"adidas x hermanos koumori 25",adidas-x-hermanos-koumori-25,https://raw.githubusercontent.com/danilosierrac/greta-media/main/media/adidas-x-hermanos-koumori/25.jpg,,"adidas x Hermanos Koumori Media Video 2x3 Thumbnail 2",25,adidas-x-hermanos-koumori,Image
"adidas x hermanos koumori 26",adidas-x-hermanos-koumori-26,https://raw.githubusercontent.com/danilosierrac/greta-media/main/media/adidas-x-hermanos-koumori/26.jpg,,"adidas x Hermanos Koumori Media Video 2x3 Thumbnail 6",26,adidas-x-hermanos-koumori,Image
"adidas x hermanos koumori 27",adidas-x-hermanos-koumori-27,https://raw.githubusercontent.com/danilosierrac/greta-media/main/media/adidas-x-hermanos-koumori/27.jpg,,"adidas x Hermanos Koumori Short Article Entry Point 5",27,adidas-x-hermanos-koumori,Image
"adidas x hermanos koumori 28",adidas-x-hermanos-koumori-28,https://raw.githubusercontent.com/danilosierrac/greta-media/main/media/adidas-x-hermanos-koumori/28.jpg,,"adidas x Hermanos Koumori Short Product + Media 3",28,adidas-x-hermanos-koumori,Image
"adidas x hermanos koumori 29",adidas-x-hermanos-koumori-29,https://raw.githubusercontent.com/danilosierrac/greta-media/main/media/adidas-x-hermanos-koumori/29.jpg,,"adidas x Hermanos Koumori Short Product + Media 4",29,adidas-x-hermanos-koumori,Image
"adidas CCA China 01",adidas-cca-china-01,https://raw.githubusercontent.com/danilosierrac/greta-media/main/media/adidas-cca-china/01.jpg,,"DROP ADIDAS CCA CHINA APRIL Entry Point 2x3",1,adidas-cca-china,Image
"adidas CCA China 02",adidas-cca-china-02,https://raw.githubusercontent.com/danilosierrac/greta-media/main/media/adidas-cca-china/02.jpg,,"DROP ADIDAS CCA CHINA APRIL Entry Point 3x2",2,adidas-cca-china,Image
"adidas CCA China 03",adidas-cca-china-03,https://raw.githubusercontent.com/danilosierrac/greta-media/main/media/adidas-cca-china/03.jpg,,"Adidas Adizero Dropset Elite Brand Bio",3,adidas-cca-china,Image
"adidas CCA China 04",adidas-cca-china-04,https://raw.githubusercontent.com/danilosierrac/greta-media/main/media/adidas-cca-china/04.jpg,,"DROP ADIDAS CCA CHINA APRIL Article Header Image Desktop",4,adidas-cca-china,Image
"adidas CCA China 05",adidas-cca-china-05,https://raw.githubusercontent.com/danilosierrac/greta-media/main/media/adidas-cca-china/05.jpg,,"DROP ADIDAS CCA CHINA APRIL Article Header Image Mobile",5,adidas-cca-china,Image
"adidas CCA China 06",adidas-cca-china-06,https://raw.githubusercontent.com/danilosierrac/greta-media/main/media/adidas-cca-china/06-poster.jpg,https://raw.githubusercontent.com/danilosierrac/greta-media/main/media/adidas-cca-china/06.mp4,"DROP ADIDAS CCA APRIL FEED 9X16",6,adidas-cca-china,Video
"adidas CCA China 07",adidas-cca-china-07,https://raw.githubusercontent.com/danilosierrac/greta-media/main/media/adidas-cca-china/07.jpg,,"DROP ADIDAS CCA APRIL FEED 9X16 THUMBNAIL",7,adidas-cca-china,Image
"adidas CCA China 08",adidas-cca-china-08,https://raw.githubusercontent.com/danilosierrac/greta-media/main/media/adidas-cca-china/08-poster.jpg,https://raw.githubusercontent.com/danilosierrac/greta-media/main/media/adidas-cca-china/08.mp4,"DROP ADIDAS CCA APRIL SHORTS 9X16",8,adidas-cca-china,Video
"adidas CCA China 09",adidas-cca-china-09,https://raw.githubusercontent.com/danilosierrac/greta-media/main/media/adidas-cca-china/09-poster.jpg,https://raw.githubusercontent.com/danilosierrac/greta-media/main/media/adidas-cca-china/09.mp4,"DROP ADIDAS CCA APRIL SHORTS 9X16 FR",9,adidas-cca-china,Video
"adidas CCA China 10",adidas-cca-china-10,https://raw.githubusercontent.com/danilosierrac/greta-media/main/media/adidas-cca-china/10.jpg,,"DROP ADIDAS CCA APRIL SHORTS 9X16 FR THUMBNAIL",10,adidas-cca-china,Image
"adidas CCA China 11",adidas-cca-china-11,https://raw.githubusercontent.com/danilosierrac/greta-media/main/media/adidas-cca-china/11.jpg,,"DROP ADIDAS CCA CHINA APRIL Short Article Entry Point 05",11,adidas-cca-china,Image
"adidas CCA China 12",adidas-cca-china-12,https://raw.githubusercontent.com/danilosierrac/greta-media/main/media/adidas-cca-china/12.jpg,,"DROP ADIDAS CCA CHINA APRIL Short Cover slide Video 01",12,adidas-cca-china,Image
"adidas CCA China 13",adidas-cca-china-13,https://raw.githubusercontent.com/danilosierrac/greta-media/main/media/adidas-cca-china/13.jpg,,"DROP ADIDAS CCA CHINA APRIL Short Media Video 02",13,adidas-cca-china,Image
"adidas CCA China 14",adidas-cca-china-14,https://raw.githubusercontent.com/danilosierrac/greta-media/main/media/adidas-cca-china/14.jpg,,"DROP ADIDAS CCA CHINA APRIL Short Product & Media 03",14,adidas-cca-china,Image
"adidas CCA China 15",adidas-cca-china-15,https://raw.githubusercontent.com/danilosierrac/greta-media/main/media/adidas-cca-china/15.jpg,,"DROP ADIDAS CCA CHINA APRIL Short Product & Media 04",15,adidas-cca-china,Image
"adidas CCA China 16",adidas-cca-china-16,https://raw.githubusercontent.com/danilosierrac/greta-media/main/media/adidas-cca-china/16-poster.jpg,https://raw.githubusercontent.com/danilosierrac/greta-media/main/media/adidas-cca-china/16.mp4,"DROP ADIDAS CCA APRIL HEADER 2X3",16,adidas-cca-china,Video
"adidas CCA China 17",adidas-cca-china-17,https://raw.githubusercontent.com/danilosierrac/greta-media/main/media/adidas-cca-china/17-poster.jpg,https://raw.githubusercontent.com/danilosierrac/greta-media/main/media/adidas-cca-china/17.mp4,"DROP ADIDAS CCA APRIL HEADER 3X2",17,adidas-cca-china,Video
"adidas CCA China 18",adidas-cca-china-18,https://raw.githubusercontent.com/danilosierrac/greta-media/main/media/adidas-cca-china/18.jpg,,"DROP ADIDAS CCA APRIL HEADER 3X2 THUMBNAIL",18,adidas-cca-china,Image
"adidas CCA China 19",adidas-cca-china-19,https://raw.githubusercontent.com/danilosierrac/greta-media/main/media/adidas-cca-china/19.jpg,,"DROP ADIDAS CCA CHINA APRIL Article Media Image 2x3 Desktop&Mobile 02",19,adidas-cca-china,Image
"adidas CCA China 20",adidas-cca-china-20,https://raw.githubusercontent.com/danilosierrac/greta-media/main/media/adidas-cca-china/20.jpg,,"DROP ADIDAS CCA CHINA APRIL Article Media Image 2x3 Desktop&Mobile 03",20,adidas-cca-china,Image
"adidas CCA China 21",adidas-cca-china-21,https://raw.githubusercontent.com/danilosierrac/greta-media/main/media/adidas-cca-china/21.jpg,,"DROP ADIDAS CCA CHINA APRIL Article Media Image 2x3 Desktop&Mobile 06",21,adidas-cca-china,Image
"adidas CCA China 22",adidas-cca-china-22,https://raw.githubusercontent.com/danilosierrac/greta-media/main/media/adidas-cca-china/22.jpg,,"DROP ADIDAS CCA CHINA APRIL Article Media Image 2x3 Desktop&Mobile 07",22,adidas-cca-china,Image
"adidas CCA China 23",adidas-cca-china-23,https://raw.githubusercontent.com/danilosierrac/greta-media/main/media/adidas-cca-china/23.jpg,,"DROP ADIDAS CCA CHINA APRIL Article Media Image 2x3 Desktop&Mobile 08",23,adidas-cca-china,Image
"adidas CCA China 24",adidas-cca-china-24,https://raw.githubusercontent.com/danilosierrac/greta-media/main/media/adidas-cca-china/24.jpg,,"DROP ADIDAS CCA CHINA APRIL Article Media Image 3x2 Desktop&Mobile 01",24,adidas-cca-china,Image
"adidas CCA China 25",adidas-cca-china-25,https://raw.githubusercontent.com/danilosierrac/greta-media/main/media/adidas-cca-china/25.jpg,,"DROP ADIDAS CCA CHINA APRIL Article Media Image 3x2 Desktop&Mobile 04",25,adidas-cca-china,Image
"adidas CCA China 26",adidas-cca-china-26,https://raw.githubusercontent.com/danilosierrac/greta-media/main/media/adidas-cca-china/26.jpg,,"DROP ADIDAS CCA CHINA APRIL Article Media Image 3x2 Desktop&Mobile 05",26,adidas-cca-china,Image
"Sneaker rotation (franchise) 01",sneaker-rotation-franchise-01,https://raw.githubusercontent.com/danilosierrac/greta-media/main/media/sneaker-rotation-franchise/01.jpg,,"Sneaker Rotation March Entry Point 2x3 EN",1,sneaker-rotation-franchise,Image
"Sneaker rotation (franchise) 02",sneaker-rotation-franchise-02,https://raw.githubusercontent.com/danilosierrac/greta-media/main/media/sneaker-rotation-franchise/02.jpg,,"Sneaker Rotation March Entry Point 2x3 FR",2,sneaker-rotation-franchise,Image
"Sneaker rotation (franchise) 03",sneaker-rotation-franchise-03,https://raw.githubusercontent.com/danilosierrac/greta-media/main/media/sneaker-rotation-franchise/03.jpg,,"Sneaker Rotation March Entry Point 3x2 EN",3,sneaker-rotation-franchise,Image
"Sneaker rotation (franchise) 04",sneaker-rotation-franchise-04,https://raw.githubusercontent.com/danilosierrac/greta-media/main/media/sneaker-rotation-franchise/04.jpg,,"Sneaker Rotation March Entry Point 3x2 FR",4,sneaker-rotation-franchise,Image
"Sneaker rotation (franchise) 05",sneaker-rotation-franchise-05,https://raw.githubusercontent.com/danilosierrac/greta-media/main/media/sneaker-rotation-franchise/05.jpg,,"Sneaker Rotation March Header Image Desktop EN",5,sneaker-rotation-franchise,Image
"Sneaker rotation (franchise) 06",sneaker-rotation-franchise-06,https://raw.githubusercontent.com/danilosierrac/greta-media/main/media/sneaker-rotation-franchise/06.jpg,,"Sneaker Rotation March Header Image Desktop FR",6,sneaker-rotation-franchise,Image
"Sneaker rotation (franchise) 07",sneaker-rotation-franchise-07,https://raw.githubusercontent.com/danilosierrac/greta-media/main/media/sneaker-rotation-franchise/07.jpg,,"Sneaker Rotation March Header Image Mobile EN",7,sneaker-rotation-franchise,Image
"Sneaker rotation (franchise) 08",sneaker-rotation-franchise-08,https://raw.githubusercontent.com/danilosierrac/greta-media/main/media/sneaker-rotation-franchise/08.jpg,,"Sneaker Rotation March Header Image Mobile FR",8,sneaker-rotation-franchise,Image
"Sneaker rotation (franchise) 09",sneaker-rotation-franchise-09,https://raw.githubusercontent.com/danilosierrac/greta-media/main/media/sneaker-rotation-franchise/09-poster.jpg,https://raw.githubusercontent.com/danilosierrac/greta-media/main/media/sneaker-rotation-franchise/09.mp4,"SNEAKER ROTATION FEB LP FR 2x3",9,sneaker-rotation-franchise,Video
"Sneaker rotation (franchise) 10",sneaker-rotation-franchise-10,https://raw.githubusercontent.com/danilosierrac/greta-media/main/media/sneaker-rotation-franchise/10.jpg,,"SNEAKER ROTATION FEB LP FR 2x3 THUMBNAIL",10,sneaker-rotation-franchise,Image
"Sneaker rotation (franchise) 11",sneaker-rotation-franchise-11,https://raw.githubusercontent.com/danilosierrac/greta-media/main/media/sneaker-rotation-franchise/11.jpg,,"Sneaker Rotation March Product Highlight 1",11,sneaker-rotation-franchise,Image
"Sneaker rotation (franchise) 12",sneaker-rotation-franchise-12,https://raw.githubusercontent.com/danilosierrac/greta-media/main/media/sneaker-rotation-franchise/12.jpg,,"Sneaker Rotation March Product Highlight 2",12,sneaker-rotation-franchise,Image
"Sneaker rotation (franchise) 13",sneaker-rotation-franchise-13,https://raw.githubusercontent.com/danilosierrac/greta-media/main/media/sneaker-rotation-franchise/13.jpg,,"Sneaker Rotation March Product Highlight 3",13,sneaker-rotation-franchise,Image
"Sneaker rotation (franchise) 14",sneaker-rotation-franchise-14,https://raw.githubusercontent.com/danilosierrac/greta-media/main/media/sneaker-rotation-franchise/14-poster.jpg,https://raw.githubusercontent.com/danilosierrac/greta-media/main/media/sneaker-rotation-franchise/14.mp4,"SNEAKER ROTATION MARCH SHORT EN 9x16",14,sneaker-rotation-franchise,Video
"Sneaker rotation (franchise) 15",sneaker-rotation-franchise-15,https://raw.githubusercontent.com/danilosierrac/greta-media/main/media/sneaker-rotation-franchise/15.jpg,,"SNEAKER ROTATION MARCH SHORT EN 9x16 THUMBNAIL",15,sneaker-rotation-franchise,Image
"Sneaker rotation (franchise) 16",sneaker-rotation-franchise-16,https://raw.githubusercontent.com/danilosierrac/greta-media/main/media/sneaker-rotation-franchise/16-poster.jpg,https://raw.githubusercontent.com/danilosierrac/greta-media/main/media/sneaker-rotation-franchise/16.mp4,"SNEAKER ROTATION MARCH SHORT FR 9x16",16,sneaker-rotation-franchise,Video
"Sneaker rotation (franchise) 17",sneaker-rotation-franchise-17,https://raw.githubusercontent.com/danilosierrac/greta-media/main/media/sneaker-rotation-franchise/17.jpg,,"SNEAKER ROTATION MARCH SHORT FR 9x16 THUMBNAIL",17,sneaker-rotation-franchise,Image
"Sneaker rotation (franchise) 18",sneaker-rotation-franchise-18,https://raw.githubusercontent.com/danilosierrac/greta-media/main/media/sneaker-rotation-franchise/18.jpg,,"Sneaker Rotation March Shorts Article Entry Point 6",18,sneaker-rotation-franchise,Image
"Sneaker rotation (franchise) 19",sneaker-rotation-franchise-19,https://raw.githubusercontent.com/danilosierrac/greta-media/main/media/sneaker-rotation-franchise/19.jpg,,"Sneaker Rotation March Shorts Cover Slide EN 1",19,sneaker-rotation-franchise,Image
"Sneaker rotation (franchise) 20",sneaker-rotation-franchise-20,https://raw.githubusercontent.com/danilosierrac/greta-media/main/media/sneaker-rotation-franchise/20.jpg,,"Sneaker Rotation March Shorts Cover Slide FR 1",20,sneaker-rotation-franchise,Image
"Sneaker rotation (franchise) 21",sneaker-rotation-franchise-21,https://raw.githubusercontent.com/danilosierrac/greta-media/main/media/sneaker-rotation-franchise/21.jpg,,"Sneaker Rotation March Shorts Media+Products 3",21,sneaker-rotation-franchise,Image
"Sneaker rotation (franchise) 22",sneaker-rotation-franchise-22,https://raw.githubusercontent.com/danilosierrac/greta-media/main/media/sneaker-rotation-franchise/22.jpg,,"Sneaker Rotation March Shorts Media+Products 4",22,sneaker-rotation-franchise,Image
"Sneaker rotation (franchise) 23",sneaker-rotation-franchise-23,https://raw.githubusercontent.com/danilosierrac/greta-media/main/media/sneaker-rotation-franchise/23.jpg,,"Sneaker Rotation March Shorts Media+Products 5",23,sneaker-rotation-franchise,Image
"Sneaker rotation (franchise) 24",sneaker-rotation-franchise-24,https://raw.githubusercontent.com/danilosierrac/greta-media/main/media/sneaker-rotation-franchise/24.jpg,,"Sneaker Rotation March Shorts Media-Only 2",24,sneaker-rotation-franchise,Image
"Sneaker rotation (franchise) 25",sneaker-rotation-franchise-25,https://raw.githubusercontent.com/danilosierrac/greta-media/main/media/sneaker-rotation-franchise/25.jpg,,"Sneaker Rotation March Showstopper Desktop",25,sneaker-rotation-franchise,Image
"Sneaker rotation (franchise) 26",sneaker-rotation-franchise-26,https://raw.githubusercontent.com/danilosierrac/greta-media/main/media/sneaker-rotation-franchise/26.jpg,,"Sneaker Rotation March Showstopper Mobile",26,sneaker-rotation-franchise,Image
"Sneaker rotation (franchise) 27",sneaker-rotation-franchise-27,https://raw.githubusercontent.com/danilosierrac/greta-media/main/media/sneaker-rotation-franchise/27-poster.jpg,https://raw.githubusercontent.com/danilosierrac/greta-media/main/media/sneaker-rotation-franchise/27.mp4,"SNEAKER ROTATION FEB LP EN 2x3",27,sneaker-rotation-franchise,Video
"Sneaker rotation (franchise) 28",sneaker-rotation-franchise-28,https://raw.githubusercontent.com/danilosierrac/greta-media/main/media/sneaker-rotation-franchise/28.jpg,,"SNEAKER ROTATION FEB LP EN 2x3 THUMBNAIL",28,sneaker-rotation-franchise,Image
"Hogan brand launch 01",hogan-brand-launch-01,https://raw.githubusercontent.com/danilosierrac/greta-media/main/media/hogan-brand-launch/01.jpg,,"Hogan Entry Point 2x3",1,hogan-brand-launch,Image
"Hogan brand launch 02",hogan-brand-launch-02,https://raw.githubusercontent.com/danilosierrac/greta-media/main/media/hogan-brand-launch/02.jpg,,"Hogan Entry Point 3x2",2,hogan-brand-launch,Image
"Hogan brand launch 03",hogan-brand-launch-03,https://raw.githubusercontent.com/danilosierrac/greta-media/main/media/hogan-brand-launch/03-poster.jpg,https://raw.githubusercontent.com/danilosierrac/greta-media/main/media/hogan-brand-launch/03.mp4,"260330 HOGAN CLOE - journaling EN 005",3,hogan-brand-launch,Video
"Hogan brand launch 04",hogan-brand-launch-04,https://raw.githubusercontent.com/danilosierrac/greta-media/main/media/hogan-brand-launch/04-poster.jpg,https://raw.githubusercontent.com/danilosierrac/greta-media/main/media/hogan-brand-launch/04.mp4,"260331 HOGAN Edith - leggere EN 007",4,hogan-brand-launch,Video
"Hogan brand launch 05",hogan-brand-launch-05,https://raw.githubusercontent.com/danilosierrac/greta-media/main/media/hogan-brand-launch/05-poster.jpg,https://raw.githubusercontent.com/danilosierrac/greta-media/main/media/hogan-brand-launch/05.mp4,"260331 HOGAN LORENZO scacchi EN 006",5,hogan-brand-launch,Video
"Hogan brand launch 06",hogan-brand-launch-06,https://raw.githubusercontent.com/danilosierrac/greta-media/main/media/hogan-brand-launch/06-poster.jpg,https://raw.githubusercontent.com/danilosierrac/greta-media/main/media/hogan-brand-launch/06.mp4,"260330 HOGAN CLOE - journalingFR 005",6,hogan-brand-launch,Video
"Hogan brand launch 07",hogan-brand-launch-07,https://raw.githubusercontent.com/danilosierrac/greta-media/main/media/hogan-brand-launch/07-poster.jpg,https://raw.githubusercontent.com/danilosierrac/greta-media/main/media/hogan-brand-launch/07.mp4,"260331 HOGAN Edith - leggere FR 007",7,hogan-brand-launch,Video
"Hogan brand launch 08",hogan-brand-launch-08,https://raw.githubusercontent.com/danilosierrac/greta-media/main/media/hogan-brand-launch/08-poster.jpg,https://raw.githubusercontent.com/danilosierrac/greta-media/main/media/hogan-brand-launch/08.mp4,"260331 HOGAN LORENZO scacchi FR 006",8,hogan-brand-launch,Video
"Hogan brand launch 09",hogan-brand-launch-09,https://raw.githubusercontent.com/danilosierrac/greta-media/main/media/hogan-brand-launch/09-poster.jpg,https://raw.githubusercontent.com/danilosierrac/greta-media/main/media/hogan-brand-launch/09.mp4,"260330 HOGAN CLOE - journaling IT 005",9,hogan-brand-launch,Video
"Hogan brand launch 10",hogan-brand-launch-10,https://raw.githubusercontent.com/danilosierrac/greta-media/main/media/hogan-brand-launch/10-poster.jpg,https://raw.githubusercontent.com/danilosierrac/greta-media/main/media/hogan-brand-launch/10.mp4,"260331 HOGAN Edith - leggere IT 007",10,hogan-brand-launch,Video
"Hogan brand launch 11",hogan-brand-launch-11,https://raw.githubusercontent.com/danilosierrac/greta-media/main/media/hogan-brand-launch/11-poster.jpg,https://raw.githubusercontent.com/danilosierrac/greta-media/main/media/hogan-brand-launch/11.mp4,"260331 HOGAN LORENZO scacchi IT 006",11,hogan-brand-launch,Video
"Hogan brand launch 12",hogan-brand-launch-12,https://raw.githubusercontent.com/danilosierrac/greta-media/main/media/hogan-brand-launch/12-poster.jpg,https://raw.githubusercontent.com/danilosierrac/greta-media/main/media/hogan-brand-launch/12.mp4,"SHORTS - 260401 HOGAN 10sec 001",12,hogan-brand-launch,Video
"Hogan brand launch 13",hogan-brand-launch-13,https://raw.githubusercontent.com/danilosierrac/greta-media/main/media/hogan-brand-launch/13.jpg,,"Hogan Article Brand Bio Image 1",13,hogan-brand-launch,Image
"Hogan brand launch 14",hogan-brand-launch-14,https://raw.githubusercontent.com/danilosierrac/greta-media/main/media/hogan-brand-launch/14.jpg,,"Hogan Short Article Entry Point 05",14,hogan-brand-launch,Image
"Hogan brand launch 15",hogan-brand-launch-15,https://raw.githubusercontent.com/danilosierrac/greta-media/main/media/hogan-brand-launch/15.jpg,,"Thumbnail Chess 1920x2400",15,hogan-brand-launch,Image
"Hogan brand launch 16",hogan-brand-launch-16,https://raw.githubusercontent.com/danilosierrac/greta-media/main/media/hogan-brand-launch/16.jpg,,"Thumbnail Journaling 1920x2400",16,hogan-brand-launch,Image
"Hogan brand launch 17",hogan-brand-launch-17,https://raw.githubusercontent.com/danilosierrac/greta-media/main/media/hogan-brand-launch/17.jpg,,"Thumbnail Reading 1920x2400",17,hogan-brand-launch,Image
"Hogan brand launch 18",hogan-brand-launch-18,https://raw.githubusercontent.com/danilosierrac/greta-media/main/media/hogan-brand-launch/18.jpg,,"Thumbnail Short 1080x1920",18,hogan-brand-launch,Image
"Hogan brand launch 19",hogan-brand-launch-19,https://raw.githubusercontent.com/danilosierrac/greta-media/main/media/hogan-brand-launch/19.jpg,,"Hogan Article Media Image 2x3 Mobile 01",19,hogan-brand-launch,Image
"Hogan brand launch 20",hogan-brand-launch-20,https://raw.githubusercontent.com/danilosierrac/greta-media/main/media/hogan-brand-launch/20.jpg,,"Hogan Article Media Image 2x3 Mobile 02",20,hogan-brand-launch,Image
"Hogan brand launch 21",hogan-brand-launch-21,https://raw.githubusercontent.com/danilosierrac/greta-media/main/media/hogan-brand-launch/21.jpg,,"Hogan Article Media Image 2x3 Mobile 03",21,hogan-brand-launch,Image
"Hogan brand launch 22",hogan-brand-launch-22,https://raw.githubusercontent.com/danilosierrac/greta-media/main/media/hogan-brand-launch/22.jpg,,"Hogan Article Media Image 4x5 Desktop&Mobile 01",22,hogan-brand-launch,Image
"Hogan brand launch 23",hogan-brand-launch-23,https://raw.githubusercontent.com/danilosierrac/greta-media/main/media/hogan-brand-launch/23.jpg,,"Hogan Article Media Image 4x5 Desktop&Mobile 02",23,hogan-brand-launch,Image
"Hogan brand launch 24",hogan-brand-launch-24,https://raw.githubusercontent.com/danilosierrac/greta-media/main/media/hogan-brand-launch/24.jpg,,"Hogan Article Media Image 4x5 Desktop&Mobile 03",24,hogan-brand-launch,Image
"Hogan brand launch 25",hogan-brand-launch-25,https://raw.githubusercontent.com/danilosierrac/greta-media/main/media/hogan-brand-launch/25.jpg,,"Hogan Article Media Video 4x5 Desktop&Mobile 01",25,hogan-brand-launch,Image
"Hogan brand launch 26",hogan-brand-launch-26,https://raw.githubusercontent.com/danilosierrac/greta-media/main/media/hogan-brand-launch/26.jpg,,"Hogan Article Media Video 4x5 Desktop&Mobile 02",26,hogan-brand-launch,Image
"Hogan brand launch 27",hogan-brand-launch-27,https://raw.githubusercontent.com/danilosierrac/greta-media/main/media/hogan-brand-launch/27.jpg,,"Hogan Short Cover Slide 01",27,hogan-brand-launch,Image
"Hogan brand launch 28",hogan-brand-launch-28,https://raw.githubusercontent.com/danilosierrac/greta-media/main/media/hogan-brand-launch/28.jpg,,"Hogan Short Media & Copy 02",28,hogan-brand-launch,Image
"Hogan brand launch 29",hogan-brand-launch-29,https://raw.githubusercontent.com/danilosierrac/greta-media/main/media/hogan-brand-launch/29.jpg,,"Hogan Short Product Media 04",29,hogan-brand-launch,Image
"If you like this, you'll love (Jeans) 01",if-you-like-this-you-ll-love-jeans-01,https://raw.githubusercontent.com/danilosierrac/greta-media/main/media/if-you-like-this-you-ll-love-jeans/01.jpg,,"IYLT-Jeans Entry point 2x3 EN",1,if-you-like-this-you-ll-love-jeans,Image
"If you like this, you'll love (Jeans) 02",if-you-like-this-you-ll-love-jeans-02,https://raw.githubusercontent.com/danilosierrac/greta-media/main/media/if-you-like-this-you-ll-love-jeans/02.jpg,,"IYLT-Jeans Entry point 2x3 FR",2,if-you-like-this-you-ll-love-jeans,Image
"If you like this, you'll love (Jeans) 03",if-you-like-this-you-ll-love-jeans-03,https://raw.githubusercontent.com/danilosierrac/greta-media/main/media/if-you-like-this-you-ll-love-jeans/03.jpg,,"IYLT-Jeans Entry point 3x2 EN",3,if-you-like-this-you-ll-love-jeans,Image
"If you like this, you'll love (Jeans) 04",if-you-like-this-you-ll-love-jeans-04,https://raw.githubusercontent.com/danilosierrac/greta-media/main/media/if-you-like-this-you-ll-love-jeans/04.jpg,,"IYLT-Jeans Entry point 3x2 FR",4,if-you-like-this-you-ll-love-jeans,Image
"If you like this, you'll love (Jeans) 05",if-you-like-this-you-ll-love-jeans-05,https://raw.githubusercontent.com/danilosierrac/greta-media/main/media/if-you-like-this-you-ll-love-jeans/05.jpg,,"IYLT-Jeans Media Image 2x3 EN 1",5,if-you-like-this-you-ll-love-jeans,Image
"If you like this, you'll love (Jeans) 06",if-you-like-this-you-ll-love-jeans-06,https://raw.githubusercontent.com/danilosierrac/greta-media/main/media/if-you-like-this-you-ll-love-jeans/06.jpg,,"IYLT-Jeans Media Image 2x3 EN 2",6,if-you-like-this-you-ll-love-jeans,Image
"If you like this, you'll love (Jeans) 07",if-you-like-this-you-ll-love-jeans-07,https://raw.githubusercontent.com/danilosierrac/greta-media/main/media/if-you-like-this-you-ll-love-jeans/07.jpg,,"IYLT-Jeans Media Image 2x3 EN 3",7,if-you-like-this-you-ll-love-jeans,Image
"If you like this, you'll love (Jeans) 08",if-you-like-this-you-ll-love-jeans-08,https://raw.githubusercontent.com/danilosierrac/greta-media/main/media/if-you-like-this-you-ll-love-jeans/08.jpg,,"IYLT-Jeans Media Image 2x3 FR 1",8,if-you-like-this-you-ll-love-jeans,Image
"If you like this, you'll love (Jeans) 09",if-you-like-this-you-ll-love-jeans-09,https://raw.githubusercontent.com/danilosierrac/greta-media/main/media/if-you-like-this-you-ll-love-jeans/09.jpg,,"IYLT-Jeans Media Image 2x3 FR 2",9,if-you-like-this-you-ll-love-jeans,Image
"If you like this, you'll love (Jeans) 10",if-you-like-this-you-ll-love-jeans-10,https://raw.githubusercontent.com/danilosierrac/greta-media/main/media/if-you-like-this-you-ll-love-jeans/10.jpg,,"IYLT-Jeans Media Image 2x3 FR 3",10,if-you-like-this-you-ll-love-jeans,Image
"If you like this, you'll love (Jeans) 11",if-you-like-this-you-ll-love-jeans-11,https://raw.githubusercontent.com/danilosierrac/greta-media/main/media/if-you-like-this-you-ll-love-jeans/11.jpg,,"IYLT-Jeans Media Image 3x2 EN 1",11,if-you-like-this-you-ll-love-jeans,Image
"If you like this, you'll love (Jeans) 12",if-you-like-this-you-ll-love-jeans-12,https://raw.githubusercontent.com/danilosierrac/greta-media/main/media/if-you-like-this-you-ll-love-jeans/12.jpg,,"IYLT-Jeans Media Image 3x2 EN 2",12,if-you-like-this-you-ll-love-jeans,Image
"If you like this, you'll love (Jeans) 13",if-you-like-this-you-ll-love-jeans-13,https://raw.githubusercontent.com/danilosierrac/greta-media/main/media/if-you-like-this-you-ll-love-jeans/13.jpg,,"IYLT-Jeans Media Image 3x2 EN 3",13,if-you-like-this-you-ll-love-jeans,Image
"If you like this, you'll love (Jeans) 14",if-you-like-this-you-ll-love-jeans-14,https://raw.githubusercontent.com/danilosierrac/greta-media/main/media/if-you-like-this-you-ll-love-jeans/14.jpg,,"IYLT-Jeans Media Image 3x2 FR 1",14,if-you-like-this-you-ll-love-jeans,Image
"If you like this, you'll love (Jeans) 15",if-you-like-this-you-ll-love-jeans-15,https://raw.githubusercontent.com/danilosierrac/greta-media/main/media/if-you-like-this-you-ll-love-jeans/15.jpg,,"IYLT-Jeans Media Image 3x2 FR 2",15,if-you-like-this-you-ll-love-jeans,Image
"If you like this, you'll love (Jeans) 16",if-you-like-this-you-ll-love-jeans-16,https://raw.githubusercontent.com/danilosierrac/greta-media/main/media/if-you-like-this-you-ll-love-jeans/16.jpg,,"IYLT-Jeans Media Image 3x2 FR 3",16,if-you-like-this-you-ll-love-jeans,Image
"If you like this, you'll love (Jeans) 17",if-you-like-this-you-ll-love-jeans-17,https://raw.githubusercontent.com/danilosierrac/greta-media/main/media/if-you-like-this-you-ll-love-jeans/17.jpg,,"IYLT-Jeans Shorts Article Entry Point EN 5",17,if-you-like-this-you-ll-love-jeans,Image
"If you like this, you'll love (Jeans) 18",if-you-like-this-you-ll-love-jeans-18,https://raw.githubusercontent.com/danilosierrac/greta-media/main/media/if-you-like-this-you-ll-love-jeans/18.jpg,,"IYLT-Jeans Shorts Article Entry Point FR 5",18,if-you-like-this-you-ll-love-jeans,Image
"If you like this, you'll love (Jeans) 19",if-you-like-this-you-ll-love-jeans-19,https://raw.githubusercontent.com/danilosierrac/greta-media/main/media/if-you-like-this-you-ll-love-jeans/19.jpg,,"IYLT-Jeans Shorts Cover Slide EN 1",19,if-you-like-this-you-ll-love-jeans,Image
"If you like this, you'll love (Jeans) 20",if-you-like-this-you-ll-love-jeans-20,https://raw.githubusercontent.com/danilosierrac/greta-media/main/media/if-you-like-this-you-ll-love-jeans/20.jpg,,"IYLT-Jeans Shorts Cover Slide FR 1",20,if-you-like-this-you-ll-love-jeans,Image
"If you like this, you'll love (Jeans) 21",if-you-like-this-you-ll-love-jeans-21,https://raw.githubusercontent.com/danilosierrac/greta-media/main/media/if-you-like-this-you-ll-love-jeans/21.jpg,,"IYLT-Jeans Shorts Product + Media 2",21,if-you-like-this-you-ll-love-jeans,Image
"If you like this, you'll love (Jeans) 22",if-you-like-this-you-ll-love-jeans-22,https://raw.githubusercontent.com/danilosierrac/greta-media/main/media/if-you-like-this-you-ll-love-jeans/22.jpg,,"IYLT-Jeans Shorts Product + Media 3",22,if-you-like-this-you-ll-love-jeans,Image
"If you like this, you'll love (Jeans) 23",if-you-like-this-you-ll-love-jeans-23,https://raw.githubusercontent.com/danilosierrac/greta-media/main/media/if-you-like-this-you-ll-love-jeans/23.jpg,,"IYLT-Jeans Shorts Product + Media 4",23,if-you-like-this-you-ll-love-jeans,Image
"7 days 1 faux fur jacket 01",7-days-1-faux-fur-jacket-01,https://raw.githubusercontent.com/danilosierrac/greta-media/main/media/7-days-1-faux-fur-jacket/01.jpg,,"7 Days, 1 Faux Fur Jacket Entry Point 2x3",1,7-days-1-faux-fur-jacket,Image
"7 days 1 faux fur jacket 02",7-days-1-faux-fur-jacket-02,https://raw.githubusercontent.com/danilosierrac/greta-media/main/media/7-days-1-faux-fur-jacket/02.jpg,,"7 Days, 1 Faux Fur Jacket Entry Point 3x2",2,7-days-1-faux-fur-jacket,Image
"7 days 1 faux fur jacket 03",7-days-1-faux-fur-jacket-03,https://raw.githubusercontent.com/danilosierrac/greta-media/main/media/7-days-1-faux-fur-jacket/03.jpg,,"7 days 1 faux fur jacket Entry point 2x3",3,7-days-1-faux-fur-jacket,Image
"7 days 1 faux fur jacket 04",7-days-1-faux-fur-jacket-04,https://raw.githubusercontent.com/danilosierrac/greta-media/main/media/7-days-1-faux-fur-jacket/04.jpg,,"7 days 1 faux fur jacket Entry point 3x2",4,7-days-1-faux-fur-jacket,Image
"7 days 1 faux fur jacket 05",7-days-1-faux-fur-jacket-05,https://raw.githubusercontent.com/danilosierrac/greta-media/main/media/7-days-1-faux-fur-jacket/05-poster.jpg,https://raw.githubusercontent.com/danilosierrac/greta-media/main/media/7-days-1-faux-fur-jacket/05.mp4,"7DAYS,1FAUXFURJACKET FEED EN",5,7-days-1-faux-fur-jacket,Video
"7 days 1 faux fur jacket 06",7-days-1-faux-fur-jacket-06,https://raw.githubusercontent.com/danilosierrac/greta-media/main/media/7-days-1-faux-fur-jacket/06-poster.jpg,https://raw.githubusercontent.com/danilosierrac/greta-media/main/media/7-days-1-faux-fur-jacket/06.mp4,"7DAYS,1FAUXFURJACKET FEED FR",6,7-days-1-faux-fur-jacket,Video
"7 days 1 faux fur jacket 07",7-days-1-faux-fur-jacket-07,https://raw.githubusercontent.com/danilosierrac/greta-media/main/media/7-days-1-faux-fur-jacket/07.jpg,,"7DAYS,1FAUXFURJACKET SHORTS FEED EN THUMBNAIL",7,7-days-1-faux-fur-jacket,Image
"7 days 1 faux fur jacket 08",7-days-1-faux-fur-jacket-08,https://raw.githubusercontent.com/danilosierrac/greta-media/main/media/7-days-1-faux-fur-jacket/08.jpg,,"7DAYS,1FAUXFURJACKET SHORTS FEED FR THUMBNAIL",8,7-days-1-faux-fur-jacket,Image
"7 days 1 faux fur jacket 09",7-days-1-faux-fur-jacket-09,https://raw.githubusercontent.com/danilosierrac/greta-media/main/media/7-days-1-faux-fur-jacket/09.jpg,,"7 Days, 1 Faux Fur Jacket Header Image Desktop",9,7-days-1-faux-fur-jacket,Image
"7 days 1 faux fur jacket 10",7-days-1-faux-fur-jacket-10,https://raw.githubusercontent.com/danilosierrac/greta-media/main/media/7-days-1-faux-fur-jacket/10.jpg,,"7 Days, 1 Faux Fur Jacket Header Image Mobile",10,7-days-1-faux-fur-jacket,Image
"7 days 1 faux fur jacket 11",7-days-1-faux-fur-jacket-11,https://raw.githubusercontent.com/danilosierrac/greta-media/main/media/7-days-1-faux-fur-jacket/11.jpg,,"7 Days, 1 Faux Fur Jacket Shorts Article Entry Point 4",11,7-days-1-faux-fur-jacket,Image
"7 days 1 faux fur jacket 12",7-days-1-faux-fur-jacket-12,https://raw.githubusercontent.com/danilosierrac/greta-media/main/media/7-days-1-faux-fur-jacket/12.jpg,,"7 Days, 1 Faux Fur Jacket Shorts Cover Slide 1",12,7-days-1-faux-fur-jacket,Image
"7 days 1 faux fur jacket 13",7-days-1-faux-fur-jacket-13,https://raw.githubusercontent.com/danilosierrac/greta-media/main/media/7-days-1-faux-fur-jacket/13.jpg,,"7 Days, 1 Faux Fur Jacket Shorts Media Only EN 2",13,7-days-1-faux-fur-jacket,Image
"7 days 1 faux fur jacket 14",7-days-1-faux-fur-jacket-14,https://raw.githubusercontent.com/danilosierrac/greta-media/main/media/7-days-1-faux-fur-jacket/14.jpg,,"7 Days, 1 Faux Fur Jacket Shorts Media Only FR 2",14,7-days-1-faux-fur-jacket,Image
"7 days 1 faux fur jacket 15",7-days-1-faux-fur-jacket-15,https://raw.githubusercontent.com/danilosierrac/greta-media/main/media/7-days-1-faux-fur-jacket/15.jpg,,"7 Days, 1 Faux Fur Jacket Shorts Product + Media 3",15,7-days-1-faux-fur-jacket,Image
"7 days 1 faux fur jacket 16",7-days-1-faux-fur-jacket-16,https://raw.githubusercontent.com/danilosierrac/greta-media/main/media/7-days-1-faux-fur-jacket/16.jpg,,"7 days 1 faux fur jacket Short Article Entry Point 01",16,7-days-1-faux-fur-jacket,Image
"7 days 1 faux fur jacket 18",7-days-1-faux-fur-jacket-18,https://raw.githubusercontent.com/danilosierrac/greta-media/main/media/7-days-1-faux-fur-jacket/18.jpg,,"7 DAYS, 1 FAUX FUR JACKET MEDIA VIDEO 2X3 10",18,7-days-1-faux-fur-jacket,Image
"7 days 1 faux fur jacket 19",7-days-1-faux-fur-jacket-19,https://raw.githubusercontent.com/danilosierrac/greta-media/main/media/7-days-1-faux-fur-jacket/19-poster.jpg,https://raw.githubusercontent.com/danilosierrac/greta-media/main/media/7-days-1-faux-fur-jacket/19.mp4,"7 DAYS, 1 FAUX FUR JACKET MEDIA VIDEO 2X3 10",19,7-days-1-faux-fur-jacket,Video
"7 days 1 faux fur jacket 20",7-days-1-faux-fur-jacket-20,https://raw.githubusercontent.com/danilosierrac/greta-media/main/media/7-days-1-faux-fur-jacket/20.jpg,,"7 DAYS, 1 FAUX FUR JACKET MEDIA VIDEO 2X3 11",20,7-days-1-faux-fur-jacket,Image
"7 days 1 faux fur jacket 21",7-days-1-faux-fur-jacket-21,https://raw.githubusercontent.com/danilosierrac/greta-media/main/media/7-days-1-faux-fur-jacket/21-poster.jpg,https://raw.githubusercontent.com/danilosierrac/greta-media/main/media/7-days-1-faux-fur-jacket/21.mp4,"7 DAYS, 1 FAUX FUR JACKET MEDIA VIDEO 2X3 11",21,7-days-1-faux-fur-jacket,Video
"7 days 1 faux fur jacket 22",7-days-1-faux-fur-jacket-22,https://raw.githubusercontent.com/danilosierrac/greta-media/main/media/7-days-1-faux-fur-jacket/22.jpg,,"7 DAYS, 1 FAUX FUR JACKET MEDIA VIDEO 2X3 14",22,7-days-1-faux-fur-jacket,Image
"7 days 1 faux fur jacket 23",7-days-1-faux-fur-jacket-23,https://raw.githubusercontent.com/danilosierrac/greta-media/main/media/7-days-1-faux-fur-jacket/23-poster.jpg,https://raw.githubusercontent.com/danilosierrac/greta-media/main/media/7-days-1-faux-fur-jacket/23.mp4,"7 DAYS, 1 FAUX FUR JACKET MEDIA VIDEO 2X3 14",23,7-days-1-faux-fur-jacket,Video
"7 days 1 faux fur jacket 24",7-days-1-faux-fur-jacket-24,https://raw.githubusercontent.com/danilosierrac/greta-media/main/media/7-days-1-faux-fur-jacket/24.jpg,,"7 DAYS, 1 FAUX FUR JACKET MEDIA VIDEO 2X3 2",24,7-days-1-faux-fur-jacket,Image
"7 days 1 faux fur jacket 25",7-days-1-faux-fur-jacket-25,https://raw.githubusercontent.com/danilosierrac/greta-media/main/media/7-days-1-faux-fur-jacket/25-poster.jpg,https://raw.githubusercontent.com/danilosierrac/greta-media/main/media/7-days-1-faux-fur-jacket/25.mp4,"7 DAYS, 1 FAUX FUR JACKET MEDIA VIDEO 2X3 2",25,7-days-1-faux-fur-jacket,Video
"7 days 1 faux fur jacket 26",7-days-1-faux-fur-jacket-26,https://raw.githubusercontent.com/danilosierrac/greta-media/main/media/7-days-1-faux-fur-jacket/26.jpg,,"7 DAYS, 1 FAUX FUR JACKET MEDIA VIDEO 2X3 3",26,7-days-1-faux-fur-jacket,Image
"7 days 1 faux fur jacket 27",7-days-1-faux-fur-jacket-27,https://raw.githubusercontent.com/danilosierrac/greta-media/main/media/7-days-1-faux-fur-jacket/27-poster.jpg,https://raw.githubusercontent.com/danilosierrac/greta-media/main/media/7-days-1-faux-fur-jacket/27.mp4,"7 DAYS, 1 FAUX FUR JACKET MEDIA VIDEO 2X3 3",27,7-days-1-faux-fur-jacket,Video
"7 days 1 faux fur jacket 28",7-days-1-faux-fur-jacket-28,https://raw.githubusercontent.com/danilosierrac/greta-media/main/media/7-days-1-faux-fur-jacket/28.jpg,,"7 DAYS, 1 FAUX FUR JACKET MEDIA VIDEO 2X3 6",28,7-days-1-faux-fur-jacket,Image
"7 days 1 faux fur jacket 29",7-days-1-faux-fur-jacket-29,https://raw.githubusercontent.com/danilosierrac/greta-media/main/media/7-days-1-faux-fur-jacket/29-poster.jpg,https://raw.githubusercontent.com/danilosierrac/greta-media/main/media/7-days-1-faux-fur-jacket/29.mp4,"7 DAYS, 1 FAUX FUR JACKET MEDIA VIDEO 2X3 6",29,7-days-1-faux-fur-jacket,Video
"7 days 1 faux fur jacket 30",7-days-1-faux-fur-jacket-30,https://raw.githubusercontent.com/danilosierrac/greta-media/main/media/7-days-1-faux-fur-jacket/30.jpg,,"7 DAYS, 1 FAUX FUR JACKET MEDIA VIDEO 2X3 7",30,7-days-1-faux-fur-jacket,Image
"7 days 1 faux fur jacket 31",7-days-1-faux-fur-jacket-31,https://raw.githubusercontent.com/danilosierrac/greta-media/main/media/7-days-1-faux-fur-jacket/31-poster.jpg,https://raw.githubusercontent.com/danilosierrac/greta-media/main/media/7-days-1-faux-fur-jacket/31.mp4,"7 DAYS, 1 FAUX FUR JACKET MEDIA VIDEO 2X3 7",31,7-days-1-faux-fur-jacket,Video
"7 days 1 faux fur jacket 32",7-days-1-faux-fur-jacket-32,https://raw.githubusercontent.com/danilosierrac/greta-media/main/media/7-days-1-faux-fur-jacket/32.jpg,,"7 Days, 1 Faux Fur Jacket Media Image 2x3 1",32,7-days-1-faux-fur-jacket,Image
"7 days 1 faux fur jacket 33",7-days-1-faux-fur-jacket-33,https://raw.githubusercontent.com/danilosierrac/greta-media/main/media/7-days-1-faux-fur-jacket/33.jpg,,"7 Days, 1 Faux Fur Jacket Media Image 2x3 12",33,7-days-1-faux-fur-jacket,Image
"7 days 1 faux fur jacket 34",7-days-1-faux-fur-jacket-34,https://raw.githubusercontent.com/danilosierrac/greta-media/main/media/7-days-1-faux-fur-jacket/34.jpg,,"7 Days, 1 Faux Fur Jacket Media Image 2x3 13",34,7-days-1-faux-fur-jacket,Image
"7 days 1 faux fur jacket 35",7-days-1-faux-fur-jacket-35,https://raw.githubusercontent.com/danilosierrac/greta-media/main/media/7-days-1-faux-fur-jacket/35.jpg,,"7 Days, 1 Faux Fur Jacket Media Image 2x3 4",35,7-days-1-faux-fur-jacket,Image
"7 days 1 faux fur jacket 36",7-days-1-faux-fur-jacket-36,https://raw.githubusercontent.com/danilosierrac/greta-media/main/media/7-days-1-faux-fur-jacket/36.jpg,,"7 Days, 1 Faux Fur Jacket Media Image 2x3 5",36,7-days-1-faux-fur-jacket,Image
"7 days 1 faux fur jacket 37",7-days-1-faux-fur-jacket-37,https://raw.githubusercontent.com/danilosierrac/greta-media/main/media/7-days-1-faux-fur-jacket/37.jpg,,"7 Days, 1 Faux Fur Jacket Media Image 2x3 8",37,7-days-1-faux-fur-jacket,Image
"7 days 1 faux fur jacket 38",7-days-1-faux-fur-jacket-38,https://raw.githubusercontent.com/danilosierrac/greta-media/main/media/7-days-1-faux-fur-jacket/38.jpg,,"7 Days, 1 Faux Fur Jacket Media Image 2x3 9",38,7-days-1-faux-fur-jacket,Image
"Lacoste lengleg 01",lacoste-lengleg-01,https://raw.githubusercontent.com/danilosierrac/greta-media/main/media/lacoste-lengleg/01.jpg,,"Lacoste Lenglen Bag Entry point 2x3 V1",1,lacoste-lengleg,Image
"Lacoste lengleg 02",lacoste-lengleg-02,https://raw.githubusercontent.com/danilosierrac/greta-media/main/media/lacoste-lengleg/02.jpg,,"Lacoste Lenglen Bag Media Image 2x3 Desktop&Mobile 1",2,lacoste-lengleg,Image
"Lacoste lengleg 03",lacoste-lengleg-03,https://raw.githubusercontent.com/danilosierrac/greta-media/main/media/lacoste-lengleg/03.jpg,,"Lacoste Lenglen Bag Media Image 2x3 Desktop&Mobile 2",3,lacoste-lengleg,Image
"Lacoste lengleg 04",lacoste-lengleg-04,https://raw.githubusercontent.com/danilosierrac/greta-media/main/media/lacoste-lengleg/04.jpg,,"Lacoste Lenglen Bag Media Image 2x3 Desktop&Mobile 6",4,lacoste-lengleg,Image
"Lacoste lengleg 05",lacoste-lengleg-05,https://raw.githubusercontent.com/danilosierrac/greta-media/main/media/lacoste-lengleg/05.jpg,,"Lacoste Lenglen Bag Media Image 2x3 Desktop&Mobile 7",5,lacoste-lengleg,Image
"Lacoste lengleg 06",lacoste-lengleg-06,https://raw.githubusercontent.com/danilosierrac/greta-media/main/media/lacoste-lengleg/06.jpg,,"Lacoste Lenglen Bag Media Image 2x3 Desktop&Mobile 8",6,lacoste-lengleg,Image
"Lacoste lengleg 07",lacoste-lengleg-07,https://raw.githubusercontent.com/danilosierrac/greta-media/main/media/lacoste-lengleg/07.jpg,,"Lacoste Lenglen Bag Media Image 3x2 Desktop 4",7,lacoste-lengleg,Image
