Title,Slug,Client,Order
"adidas Originals Country OG Well-Aged Pack",adidas-originals-country-og-well-aged-pack,Zalando,1
"Nike ACG 2",nike-acg-2,Zalando,2
"Streetwear & Tailoring",streetwear-and-tailoring,Zalando,3
"New Balance London Marathon",new-balance-london-marathon,Zalando,4
"The North Face HKE",the-north-face-hke,Zalando,5
"Adidas Exclusive CCA Drop 2",adidas-exclusive-cca-drop-2,Zalando,6
"Nike ACG 3",nike-acg-3,Zalando,7
"Boss-up your style",boss-up-your-style,Zalando,8
"Winter skincare hacks",winter-skincare-hacks,Zalando,10
"194. Drip: New Year fitness wellness",194-drip-new-year-fitness-wellness,Zalando,11
"Adidas Culture Wear",adidas-culture-wear,Zalando,11
"adidas x hermanos koumori",adidas-x-hermanos-koumori,Zalando,12
"adidas CCA China",adidas-cca-china,Zalando,13
"Sneaker rotation (franchise)",sneaker-rotation-franchise,Zalando,15
"Hogan brand launch",hogan-brand-launch,Zalando,16
"If you like this, you'll love (Jeans)",if-you-like-this-you-ll-love-jeans,Zalando,17
"7 days 1 faux fur jacket",7-days-1-faux-fur-jacket,Zalando,18
"Lacoste lengleg",lacoste-lengleg,Zalando,19
